timestamp,predicted_ghi,actual_ghi,mape,avg_mape_for_ghi
1/1/2025 0:00,0.0,0.0,0.0,
1/1/2025 1:00,0.0,0.0,0.0,
1/1/2025 2:00,0.0,0.0,0.0,
1/1/2025 3:00,0.0,0.0,0.0,
1/1/2025 4:00,0.0,0.0,0.0,
1/1/2025 5:00,0.0,0.0,0.0,
1/1/2025 6:00,0.0,2.6788888888000004,100.0,
1/1/2025 7:00,0.0,29.122695425695998,100.0,
1/1/2025 8:00,0.0,82.24238255164033,100.0,
1/1/2025 9:00,107.16219,144.94342205150912,26.066190668344234,
1/1/2025 10:00,163.08728,206.01784075938843,20.83827319406295,
1/1/2025 11:00,195.18292,264.5638603066374,26.22464680661281,
1/1/2025 12:00,251.01883,324.0799503621063,22.544165701941544,
1/1/2025 13:00,300.91125,375.4197765571377,19.846722609453487,
1/1/2025 14:00,310.80984,417.5214739365666,25.558357025266687,
1/1/2025 15:00,296.01392,436.2823274536415,32.15083504681293,
1/1/2025 16:00,302.8181,411.2387135933502,26.364394881894793,
1/1/2025 17:00,306.0095,383.2295475402821,20.149818057901307,
1/1/2025 18:00,278.5012,352.5711837370595,21.008521673952956,
1/1/2025 19:00,256.0124,324.3654890380947,21.072864164457496,
1/1/2025 20:00,239.74469,298.41624991504733,19.66098025504429,
1/1/2025 21:00,213.38655,274.5429499218435,22.2757127931834,
1/1/2025 22:00,177.73633,252.57951392809613,29.631534497450318,
1/1/2025 23:00,171.00038,232.40648614720834,26.421854955711783,
1/2/2025 0:00,137.86864,213.8139672554316,35.51934943508299,
1/2/2025 1:00,131.42203,196.70884987499716,33.18957043803288,
1/2/2025 2:00,121.26642,180.97214188499734,32.99166535029871,
1/2/2025 3:00,114.39606,166.49437053419751,31.29133630052099,
1/2/2025 4:00,118.188286,153.17482089146182,22.840917887291816,
1/2/2025 5:00,113.51889,140.92083522014482,19.444920828405866,
1/2/2025 6:00,119.81334,131.08716840253325,8.600253790299242,
1/2/2025 7:00,131.1574,124.98738447273062,4.936506162184086,
1/2/2025 8:00,142.37447,126.01133489091214,12.98544378220913,
1/2/2025 9:00,169.26025,149.42723969163927,13.272689942970567,
1/2/2025 10:00,237.16776,173.68766921230815,36.548412562926224,
1/2/2025 11:00,274.4603,221.80627269932344,23.738744306349158,
1/2/2025 12:00,290.17694,245.34478457937746,18.273123847100383,
1/2/2025 13:00,275.46115,251.61193865302732,9.478569497812105,
1/2/2025 14:00,258.64746,263.2777310327852,1.7587017622499201,
1/2/2025 15:00,274.2783,293.2619749421625,6.473285583984975,
1/2/2025 16:00,272.04987,299.15166021878935,9.059550087842322,
1/2/2025 17:00,262.25534,284.06098725728634,7.67639614705843,
1/2/2025 18:00,258.2618,261.3361082767033,1.1763770396067421,
1/2/2025 19:00,267.40894,240.42921961456716,11.221479641933334,
1/2/2025 20:00,258.73004,221.1948820454017,16.969271219756436,
1/2/2025 21:00,242.87155,203.49929148176955,19.347615289082952,
1/2/2025 22:00,212.34006,187.219348163228,13.41779546626627,
1/2/2025 23:00,198.33469,172.2418003101698,15.148985857172592,
1/3/2025 0:00,169.1618,158.4624562853562,6.751976565726935,
1/3/2025 1:00,152.8997,145.78545978252765,4.879940844290683,
1/3/2025 2:00,142.21628,134.1226229999255,6.034518931419093,
1/3/2025 3:00,127.11015,123.39281315993149,3.0126066041565878,
1/3/2025 4:00,112.0428,113.52138810713697,1.302474563138029,
1/3/2025 5:00,99.6187,104.43967705856602,4.616041598582692,
1/3/2025 6:00,109.96128,100.1060082698807,9.84483621233192,
1/3/2025 7:00,111.00084,103.9137438242903,6.820171373184136,
1/3/2025 8:00,120.64575,133.46784431834703,9.606877544705693,
1/3/2025 9:00,141.23788,176.25001331687923,19.865036113470634,
1/3/2025 10:00,159.95584,230.3727930035289,30.566522644016004,
1/3/2025 11:00,221.33395,291.02043513124653,23.945562875128317,
1/3/2025 12:00,285.09894,319.45543988874704,10.75470867311908,
1/3/2025 13:00,293.72247,374.5099138176472,21.571509242463527,
1/3/2025 14:00,305.02118,399.0863564882355,23.57013106555289,
1/3/2025 15:00,314.11008,420.23194096917655,25.25316467380655,
1/3/2025 16:00,303.12408,401.58820050764257,24.518677568344657,
1/3/2025 17:00,298.45264,375.25344260383105,20.466382760454113,
1/3/2025 18:00,308.39896,345.2631671955247,10.677133965993006,
1/3/2025 19:00,292.11566,317.66878048652256,8.04395031400101,
1/3/2025 20:00,299.55115,292.25527804760094,2.4964029604790405,
1/3/2025 21:00,274.29327,268.8748558037929,2.015219350202959,
1/3/2025 22:00,269.31485,247.36486733948936,8.873524664236813,
1/3/2025 23:00,238.51733,227.57567795233027,4.807919778816019,
1/4/2025 0:00,211.0525,209.36962371614376,0.803785070226755,
1/4/2025 1:00,176.60333,192.62005381885228,8.31518888183045,
1/4/2025 2:00,170.98758,177.2104495133442,3.5115706690719075,
1/4/2025 3:00,167.5051,163.03361355227662,2.742675443329039,
1/4/2025 4:00,147.89111,149.9909244680945,1.3999588270363443,
1/4/2025 5:00,144.88472,137.991650510647,4.995280013303395,
1/4/2025 6:00,144.2453,128.03231846979523,12.663194744066445,
1/4/2025 7:00,150.3664,122.0280663258116,23.222795026100467,
1/4/2025 8:00,170.33301,118.82582101974667,43.346796471276875,
1/4/2025 9:00,204.01917,123.84966188216697,64.7313056317993,
1/4/2025 10:00,219.57101,133.34807548359368,64.66005497867987,
1/4/2025 11:00,291.41513,145.43137131690617,100.37982725213968,
1/4/2025 12:00,358.16534,155.4725137875536,130.3721317117819,
1/4/2025 13:00,346.8447,172.1099988765494,101.52501209049782,
1/4/2025 14:00,368.96356,195.12916554242537,89.08683434691261,
1/4/2025 15:00,374.21646,205.03199955503135,82.51612528472637,
1/4/2025 16:00,367.23907,210.8311297346288,74.18636193301799,
1/4/2025 17:00,352.09457,204.45503935585853,72.2112475602917,
1/4/2025 18:00,336.21048,188.09863620738986,78.74158288188555,
1/4/2025 19:00,325.41043,173.05074531079867,88.04335706486953,
1/4/2025 20:00,302.70093,159.2066856859348,90.1307890621564,
1/4/2025 21:00,272.63913,146.47015083106,86.13972068147612,
1/4/2025 22:00,245.71623,134.75253876457523,82.34627306658243,
1/4/2025 23:00,224.04594,123.97233566340925,80.72253218021358,
1/5/2025 0:00,186.5781,114.05454881033651,63.58671918704984,
1/5/2025 1:00,171.1539,104.93018490550962,63.1121686296557,
1/5/2025 2:00,143.27644,96.53577011306884,48.41798362786232,
1/5/2025 3:00,132.01608,88.81290850402331,48.645151912451354,
1/5/2025 4:00,132.48576,81.70787582370144,62.14564656614636,
1/5/2025 5:00,129.85841,75.17124575780534,72.75011526971447,
1/5/2025 6:00,128.68834,72.93716873878091,76.43725614615812,
1/5/2025 7:00,132.60127,79.30876240767843,67.19624485045522,
1/5/2025 8:00,141.07413,106.11080913506419,32.94981759841076,
1/5/2025 9:00,164.2668,153.03170311625908,7.3416792610374095,
1/5/2025 10:00,177.05257,225.54159350695835,21.498928966794793,
1/5/2025 11:00,197.12393,282.4146002584017,30.200516650200605,
1/5/2025 12:00,211.83801,302.9667810777296,30.0787987574905,
1/5/2025 13:00,231.00496,329.91300615951104,29.98003873943795,
1/5/2025 14:00,253.42442,334.43546862675043,24.22322181963004,
1/5/2025 15:00,269.27002,321.0155103606103,16.11931173395092,
1/5/2025 16:00,273.78033,308.33045043576146,11.205547786239002,
1/5/2025 17:00,254.53107,287.0240144009007,11.320637255454495,
1/5/2025 18:00,227.66458,264.06209324882855,13.783694396341339,
1/5/2025 19:00,213.7687,242.93712578892226,12.006571008366516,
1/5/2025 20:00,207.64203,223.5021557258086,7.096185209359668,
1/5/2025 21:00,206.3523,205.6219832677439,0.3551719726290883,
1/5/2025 22:00,189.41876,189.17222460632433,0.13032441798470723,
1/5/2025 23:00,189.35739,174.03844663781842,8.802046338348928,
1/6/2025 0:00,181.59824,160.11537090679303,13.417116080439918,
1/6/2025 1:00,195.71959,147.3061412342496,32.86587211741612,
1/6/2025 2:00,152.91219,135.5216499355096,12.832293394975128,
1/6/2025 3:00,138.64714,124.67991794066882,11.202463711042403,
1/6/2025 4:00,105.39449,114.70552450541535,8.117334751342712,
1/6/2025 5:00,109.284195,105.5450825449821,3.5426685082305016,
1/6/2025 6:00,94.043274,102.03080927498357,7.828552381345016,
1/6/2025 7:00,108.71954,118.02971596498482,7.887990267396357,
1/6/2025 8:00,158.09392,169.04875511978608,6.48028272396559,
1/6/2025 9:00,200.47897,233.98195059820313,14.31861608294009,
1/6/2025 10:00,235.20187,293.718659174347,19.922733393766258,
1/6/2025 11:00,236.71187,353.1480786003991,32.97093128064798,
1/6/2025 12:00,259.74536,407.6926963923674,36.28893437959861,
1/6/2025 13:00,344.88358,456.0113983609781,24.369527455003727,
1/6/2025 14:00,323.11407,494.4909912200998,34.65723735233591,
1/6/2025 15:00,326.94775,515.8922042264917,36.624792693570065,
1/6/2025 16:00,340.72174,506.04990419237265,32.67032798545252,
1/6/2025 17:00,328.34625,474.0979548649825,30.74295109859409,
1/6/2025 18:00,318.2657,436.17011847578425,27.031753769068416,
1/6/2025 19:00,294.19846,401.2765089977213,26.684356244681762,
1/6/2025 20:00,260.31705,369.17438827790374,29.486699136024157,
1/6/2025 21:00,231.73991,339.64043721567134,31.769044981744894,
1/6/2025 22:00,231.85071,312.4825355717776,25.80362688635566,
1/6/2025 23:00,203.45029,287.4839327260355,29.23072780588505,
1/7/2025 0:00,183.06442,264.4852181079527,30.784629887065357,
1/7/2025 1:00,184.19589,243.3264006593165,24.30090124421858,
1/7/2025 2:00,169.50626,223.8602886065712,24.280337009026827,
1/7/2025 3:00,161.189,205.95146551804547,21.734475180413444,
1/7/2025 4:00,157.17676,189.47534827660178,17.046328589907816,
1/7/2025 5:00,141.42303,174.3439870811137,18.8827575669865,
1/7/2025 6:00,145.48209,164.71155583382463,11.674632999996899,
1/7/2025 7:00,112.26694,176.9369274391187,36.54974183131516,
1/7/2025 8:00,201.40483,227.52027236398928,11.478292092404118,
1/7/2025 9:00,216.80014,283.39730979087017,23.499577134008582,
1/7/2025 10:00,243.34763,336.1278918716006,27.602668026912912,
1/7/2025 11:00,284.0723,385.40208856987243,26.291967644312198,
1/7/2025 12:00,314.8966,431.9454628842826,27.098063643818687,
1/7/2025 13:00,293.71786,473.18460846154017,37.927426264942135,
1/7/2025 14:00,327.76303,508.3974259926168,35.5301552981074,
1/7/2025 15:00,321.24188,529.0318388092076,39.27740095051767,
1/7/2025 16:00,303.7922,519.8959109204709,41.5667252945526,
1/7/2025 17:00,305.62326,486.89183804683336,37.229742498035165,
1/7/2025 18:00,305.49506,447.94049100308655,31.800080080226834,
1/7/2025 19:00,336.79016,412.10525172283957,18.275692987450707,
1/7/2025 20:00,314.0216,379.1368315850127,17.174597589867663,
1/7/2025 21:00,276.70483,348.8058850582115,20.670824135264724,
1/7/2025 22:00,242.42796,320.90141425355455,24.454068293608145,
1/7/2025 23:00,208.6322,295.2293011132703,29.332149159411586,
1/8/2025 0:00,192.99008,271.6109570242087,28.946135346849,
1/8/2025 1:00,187.42084,249.88208046227209,24.996287426604372,
1/8/2025 2:00,168.67566,229.8915140252903,26.62814897937836,
1/8/2025 3:00,144.7084,211.50019290326713,31.580012975590883,
1/8/2025 4:00,152.86676,194.58017747100564,21.437649897978485,
1/8/2025 5:00,140.10359,179.01376327332522,21.73585463089245,
1/8/2025 6:00,129.4697,170.8406622114592,24.216112037384946,
1/8/2025 7:00,146.949,169.99545870654245,13.55709955721444,
1/8/2025 8:00,173.98505,182.77851206601912,4.810995329759655,
1/8/2025 9:00,200.02277,221.28100074873765,9.606895559729917,
1/8/2025 10:00,254.11397,277.5163600248386,8.432797305080033,
1/8/2025 11:00,301.15393,335.6578740228517,10.279497675791195,
1/8/2025 12:00,336.2309,381.2281012450235,11.803223608641868,
1/8/2025 13:00,384.76923,433.5868364254215,11.25901578416566,
1/8/2025 14:00,419.32352,474.3084056393878,11.592644815046595,
1/8/2025 15:00,486.0512,497.3843046202368,2.278539153501452,
1/8/2025 16:00,481.44083,488.2295314746182,1.3904740743761275,
1/8/2025 17:00,474.4548,456.9380260998485,3.8335127230406196,
1/8/2025 18:00,450.09766,420.38298401186063,7.068476453200352,
1/8/2025 19:00,422.1631,386.75234529091165,9.155921373909887,
1/8/2025 20:00,370.8806,355.81215766763876,4.234947356917345,
1/8/2025 21:00,348.76273,327.3471850542279,6.54214905568916,
1/8/2025 22:00,307.83853,301.1594102498895,2.2178026045107027,
1/8/2025 23:00,294.0252,277.06665742989844,6.120747349010607,
1/9/2025 0:00,266.30054,254.90132483550659,4.472009818397208,
1/9/2025 1:00,250.46317,234.5092188486661,6.803121221785505,
1/9/2025 2:00,228.16986,215.7484813407728,5.7573427269930555,
1/9/2025 3:00,224.15952,198.4886028335109,12.933192224079907,
1/9/2025 4:00,198.26294,182.6095146068301,8.572075162675795,
1/9/2025 5:00,176.30869,168.0167534382837,4.93518157848258,
1/9/2025 6:00,172.92648,160.26220561602102,7.9022234154312905,
1/9/2025 7:00,171.5729,174.0271115187393,1.4102429231748808,
1/9/2025 8:00,181.3299,216.39033849324008,16.202407056544303,
1/9/2025 9:00,214.4125,269.43252318178094,20.420703643540598,
1/9/2025 10:00,271.8,322.57865303123845,15.741483437018475,
1/9/2025 11:00,327.69263,372.40424270873956,12.006204717324847,
1/9/2025 12:00,365.18884,417.6414305640404,12.55923956580737,
1/9/2025 13:00,445.85318,458.62891761491716,2.7856371878415964,
1/9/2025 14:00,475.18198,494.4191305177238,3.89085959906537,
1/9/2025 15:00,489.55695,515.1659551083059,4.9710212900502535,
1/9/2025 16:00,490.64587,505.3104641636413,2.9020950841530144,
1/9/2025 17:00,468.234,471.3921205369502,0.6699542928911003,
1/9/2025 18:00,447.94727,433.68075089399423,3.2896352216686173,
1/9/2025 19:00,401.94067,398.98629082247464,0.7404723103543632,
1/9/2025 20:00,384.67007,367.06738755667675,4.7954919186319565,
1/9/2025 21:00,347.21808,337.7584671403826,2.800702985475992,
1/9/2025 22:00,310.58957,310.7377897691519,0.047699598257791895,
1/9/2025 23:00,268.952,285.87876658761985,5.920961161283917,
1/10/2025 0:00,257.7663,263.00846526061014,1.9931559498273261,
1/10/2025 1:00,253.25343,241.96778803976144,4.664110574058354,
1/10/2025 2:00,217.23343,222.61036499658053,2.415402374271745,
1/10/2025 3:00,205.01953,204.80153579685398,0.10644229414483013,
1/10/2025 4:00,187.04056,188.41741293310565,0.7307472543773624,
1/10/2025 5:00,167.64078,173.34401989845733,3.29012925505454,
1/10/2025 6:00,152.02948,165.60449830658067,8.197252167015852,
1/10/2025 7:00,166.11496,179.69510037805432,7.557323840598134,
1/10/2025 8:00,169.04759,222.74714335580995,24.10785179271452,
1/10/2025 9:00,216.359,277.920405591345,22.150734822829687,
1/10/2025 10:00,300.2743,333.5801774000376,9.984371873484815,
1/10/2025 11:00,343.80792,383.82933077603457,10.42687601070954,
1/10/2025 12:00,370.1637,426.72276868195166,13.254289797469001,
1/10/2025 13:00,453.52728,467.00620433139585,2.886240373583392,
1/10/2025 14:00,484.03232,502.7714037768841,3.7271582116403725,
1/10/2025 15:00,479.8341,522.4978675787333,8.165346459905312,
1/10/2025 16:00,491.21307,513.5334843244345,4.346437238329029,
1/10/2025 17:00,460.48453,478.5039442648798,3.7657822663661022,
1/10/2025 18:00,424.94342,440.22362872368967,3.471010485701162,
1/10/2025 19:00,405.7459,405.0057384257943,0.1827559830667901,
1/10/2025 20:00,369.35873,372.6052793517308,0.8713095065426532,
1/10/2025 21:00,342.4445,342.8368570035924,0.11444757767035037,
1/10/2025 22:00,302.7254,315.40990844330497,4.021593891541858,
1/10/2025 23:00,288.16776,290.1771157678408,0.6924600637685322,
1/11/2025 0:00,262.05783,266.9629465064134,1.8373769693722979,
1/11/2025 1:00,239.3327,245.75360309358044,2.6127390915268394,
1/11/2025 2:00,216.08337,226.093314846094,4.4273493134772455,
1/11/2025 3:00,208.46564,208.00584965840636,0.2210454895282827,
1/11/2025 4:00,179.06311,191.365381685734,6.428681732192643,
1/11/2025 5:00,157.34232,176.05615115087528,10.629469833752024,
1/11/2025 6:00,154.15298,167.25462202200524,7.8333484865613245,
1/11/2025 7:00,168.44353,182.93002690824477,7.919148065195068,
1/11/2025 8:00,182.17755,227.51931901958523,19.928755037347347,
1/11/2025 9:00,251.46217,282.12780649801834,10.869411780692264,
1/11/2025 10:00,300.18655,335.58416659417696,10.548058032161359,
1/11/2025 11:00,339.66504,386.3914873226427,12.09303253131077,
1/11/2025 12:00,371.82343,432.37664674483153,14.004739133748464,
1/11/2025 13:00,484.32037,473.72387094124514,2.2368521503585725,
1/11/2025 14:00,502.92377,509.80986063394533,1.3507179981844153,
1/11/2025 15:00,508.26028,531.1222940072296,4.3044718403574045,
1/11/2025 16:00,517.67224,521.7098988066513,0.773927733583247,
1/11/2025 17:00,485.51617,488.6513158541193,0.6415907286022703,
1/11/2025 18:00,442.72684,449.55921058578963,1.5197938929298564,
1/11/2025 19:00,399.02274,413.59447373892675,3.5231945948150516,
1/11/2025 20:00,372.25726,380.50691583981256,2.1680690449504962,
1/11/2025 21:00,344.92877,350.0663625726276,1.4676047599133364,
1/11/2025 22:00,291.87592,322.06105356681724,9.372489379008707,
1/11/2025 23:00,291.71313,296.3095026148318,1.551205009844566,
1/12/2025 0:00,274.1497,272.67533064092527,0.5407009414135003,
1/12/2025 1:00,244.22667,250.8613041896513,2.6447422409603942,
1/12/2025 2:00,227.38367,230.79239985447924,1.4769692868747148,
1/12/2025 3:00,198.06238,212.3423411994809,6.72497213185493,
1/12/2025 4:00,169.68188,195.35495390352253,13.141754854384885,
1/12/2025 5:00,168.92244,179.72655759124066,6.011419881872768,
1/12/2025 6:00,152.7135,168.8564329839415,9.560152208660126,
1/12/2025 7:00,155.27692,170.03786054522618,8.680974927577296,
1/12/2025 8:00,192.24263,203.20557962160814,5.395004230267487,
1/12/2025 9:00,218.92041,261.82698271587935,16.38737616519428,
1/12/2025 10:00,277.37793,316.088566034609,12.246768946039804,
1/12/2025 11:00,320.8896,367.10036273584024,12.588049488458022,
1/12/2025 12:00,312.63577,414.06130126897324,24.495292907851184,
1/12/2025 13:00,408.98944,455.44082293545523,10.199213526379374,
1/12/2025 14:00,454.07507,490.48048335661883,7.422397291996156,
1/12/2025 15:00,485.23718,509.1742441040893,4.701153242544693,
1/12/2025 16:00,493.40915,497.71180457576213,0.8644873129958687,
1/12/2025 17:00,469.91693,465.1148602097012,1.032448402202738,
1/12/2025 18:00,453.11804,427.90567139292517,5.892039364000628,
1/12/2025 19:00,416.4654,393.67321768149145,5.789617977861838,
1/12/2025 20:00,380.74255,362.179360266972,5.125414499126083,
1/12/2025 21:00,363.68658,333.2050114456142,9.147993571524431,
1/12/2025 22:00,318.76633,306.54861052996523,3.9855722566184517,
1/12/2025 23:00,304.92224,282.024721687568,8.11897601967525,
1/13/2025 0:00,274.99896,259.4627439525624,5.987841727528268,
1/13/2025 1:00,260.90234,238.7057244363576,9.298737751704124,
1/13/2025 2:00,234.03993,219.6092664814489,6.57106414530402,
1/13/2025 3:00,226.45325,202.0405251629331,12.083081791483195,
1/13/2025 4:00,207.52776,185.87728314989835,11.647723821068869,
1/13/2025 5:00,185.57373,171.02310049790657,8.507990983955727,
1/13/2025 6:00,174.1348,160.824656713274,8.27618084273861,
1/13/2025 7:00,179.09686,174.46975213621212,2.6520990602108196,
1/13/2025 8:00,215.16147,219.70010095731507,2.0658308447193185,
1/13/2025 9:00,251.97806,275.2925019687298,8.468971708517497,
1/13/2025 10:00,324.51514,330.14072715523156,1.7039977118110659,
1/13/2025 11:00,393.2495,385.5692467428132,1.9919288275238811,
1/13/2025 12:00,431.96948,433.868639251388,0.437726228102099,
1/13/2025 13:00,492.098,472.9480663192768,4.04905463999823,
1/13/2025 14:00,496.85388,509.1850858777349,2.4217527935919034,
1/13/2025 15:00,488.48236,527.9912959595163,7.482876218228768,
1/13/2025 16:00,489.63928,519.9827936747547,5.835483753943566,
1/13/2025 17:00,482.73242,487.5110932607743,0.9802179790026152,
1/13/2025 18:00,459.05573,448.51020579991274,2.351232850752125,
1/13/2025 19:00,433.39185,412.62938933591954,5.031744442784429,
1/13/2025 20:00,387.73773,379.6190381890458,2.138642409315873,
1/13/2025 21:00,362.51,349.2495151339224,3.7968541278053816,
1/13/2025 22:00,323.36176,321.30955392320857,0.6386991680850075,
1/13/2025 23:00,302.19293,295.604789609352,2.228699517440371,
1/14/2025 0:00,281.0541,271.9564064406038,3.3452792469512125,
1/14/2025 1:00,259.3735,250.19989392535538,3.6665126309179596,
1/14/2025 2:00,236.48914,230.18390241132704,2.739215585802923,
1/14/2025 3:00,227.37517,211.78252355178097,7.362573659712912,
1/14/2025 4:00,209.06396,194.83992166763846,7.300374099090007,
1/14/2025 5:00,179.8389,179.25272793422744,0.3270074478675545,
1/14/2025 6:00,178.15128,168.21228498028918,5.908599752771371,
1/14/2025 7:00,196.09836,178.71006256586602,9.729891724492099,
1/14/2025 8:00,230.71805,229.34622459259683,0.5981452302269904,
1/14/2025 9:00,275.83673,286.86870977718905,3.845654281614172,
1/14/2025 10:00,338.67334,341.73387362701374,0.8955898198737428,
1/14/2025 11:00,403.24335,395.0942823768528,2.062562065462425,
1/14/2025 12:00,457.91315,441.8451355067046,3.6365708649309867,
1/14/2025 13:00,497.74683,437.47997628216825,13.77591047751989,
1/14/2025 14:00,498.52155,451.4753712835949,10.420540547495168,
1/14/2025 15:00,503.3074,485.1053748209072,3.7521803897278687,
1/14/2025 16:00,503.3074,456.49462225123443,10.254837413496409,
1/14/2025 17:00,494.50827,422.43387600073567,17.06169849475109,
1/14/2025 18:00,459.59595,388.6391659206769,18.257753609792058,
1/14/2025 19:00,427.71033,357.54803264702286,19.623180131067866,
1/14/2025 20:00,394.35553,328.94419003526104,19.885239420973953,
1/14/2025 21:00,381.92395,302.62865483244013,26.202176858228015,
1/14/2025 22:00,360.3253,278.418362445845,29.418650300165115,
1/14/2025 23:00,344.9479,256.1448934501773,34.66905463068949,
1/15/2025 0:00,337.8738,235.65330197416324,43.37749863207825,
1/15/2025 1:00,354.8899,216.8010378162302,63.69381629941494,
1/15/2025 2:00,340.49548,199.45695479093186,70.71126136230264,
1/15/2025 3:00,313.1935,183.5003984076572,70.67729262751374,
1/15/2025 4:00,284.4819,168.82036653504463,68.51160136364093,
1/15/2025 5:00,258.53146,155.3147372122411,66.4564923222693,
1/15/2025 6:00,258.53146,146.78325686566174,76.13143974565082,
1/15/2025 7:00,262.94125,146.92367323640886,78.96452482441096,
1/15/2025 8:00,350.17786,173.7166690094962,101.57988202396977,
1/15/2025 9:00,375.75165,194.33272888073645,93.35479417871014,
1/15/2025 10:00,423.58295,254.22679628227763,66.61616830785358,
1/15/2025 11:00,441.75186,316.02331097969557,39.784581144600466,
1/15/2025 12:00,466.48645,346.18759994931986,34.7496127139169,
1/15/2025 13:00,509.00876,400.5960919533743,27.06283679975735,
1/15/2025 14:00,512.32153,433.8555578851043,18.085737036656894,
1/15/2025 15:00,511.3981,438.4298718782959,16.643078998184695,
1/15/2025 16:00,474.34485,413.38829318403236,14.745593054722397,
1/15/2025 17:00,445.68958,380.31722972930993,17.18889925458576,
1/15/2025 18:00,402.3959,349.8918513509649,15.005794786968524,
1/15/2025 19:00,365.89792,321.9005032428878,13.668016985076328,
1/15/2025 20:00,337.76086,296.1484629834567,14.051196097776252,
1/15/2025 21:00,313.53693,272.4565859447802,15.077756400088246,
1/15/2025 22:00,281.32242,250.66005906919779,12.232646580214887,
1/15/2025 23:00,255.69394,230.60725434366208,10.878532393407237,
1/16/2025 0:00,231.37918,212.1586739961691,9.059496154458936,
1/16/2025 1:00,228.15828,195.18598007647563,16.892760089403367,
1/16/2025 2:00,207.66034,179.5711016703575,15.642404275424704,
1/16/2025 3:00,199.01709,165.205413536729,20.466445731515865,
1/16/2025 4:00,191.50293,151.98898045379067,25.997904003127896,
1/16/2025 5:00,160.3849,146.83402868388737,9.22870154260174,
1/16/2025 6:00,164.98177,163.79992631717644,0.7215140180255011,
1/16/2025 7:00,208.78569,209.17635624380227,0.18676390735564416,
1/16/2025 8:00,221.58131,264.98983850429823,16.381203393457696,
1/16/2025 9:00,314.1762,319.72218747195416,1.7346243686472016,
1/16/2025 10:00,366.8128,374.0948722421981,1.9465829677831752,
1/16/2025 11:00,423.8195,427.98352894282226,0.9729440821513351,
1/16/2025 12:00,429.2627,477.36534046739627,10.07669411185114,
1/16/2025 13:00,491.46683,521.8180351500044,5.816435177197624,
1/16/2025 14:00,487.52844,552.2893665300041,11.725904584055284,
1/16/2025 15:00,498.4608,546.326799735604,8.761425367867641,
1/16/2025 16:00,473.38388,513.0825224207558,7.73728202984205,
1/16/2025 17:00,448.22244,472.0359206270954,5.04484446194397,
1/16/2025 18:00,426.44214,434.2730469769276,1.8032222721546574,
1/16/2025 19:00,391.58405,399.5312032187736,1.9891206855915309,
1/16/2025 20:00,353.04376,367.5687069612716,3.9516271323311334,
1/16/2025 21:00,333.56012,338.1632104043699,1.361203890263335,
1/16/2025 22:00,264.7621,311.11015357202035,14.89763933415099,
1/16/2025 23:00,271.22485,286.2213412862586,5.239472257114182,
1/17/2025 0:00,244.53311,263.323633983358,7.135904258514035,
1/17/2025 1:00,225.29312,242.25774326468937,7.0027160734603635,
1/17/2025 2:00,210.32664,222.87712380351428,5.6311202746485955,
1/17/2025 3:00,203.15201,205.0469538992332,0.9241521546932131,
1/17/2025 4:00,190.26169,188.64319758729442,0.8579639583232238,
1/17/2025 5:00,183.25848,180.20034393071086,1.6970777576228062,
1/17/2025 6:00,178.95985,194.56578700825412,8.020902915277443,
1/17/2025 7:00,212.30963,237.3332247755937,10.543653738998433,
1/17/2025 8:00,273.65814,291.05172808154634,5.976115004144312,
1/17/2025 9:00,318.2838,343.16525306702243,7.250570787130487,
1/17/2025 10:00,334.19293,394.47861510166086,15.28237036555668,
1/17/2025 11:00,442.30237,440.65893975752806,0.3729479328023469,
1/17/2025 12:00,464.88153,482.20422457692587,3.5923977709663624,
1/17/2025 13:00,496.9714,517.4886915627716,3.9647796885211637,
1/17/2025 14:00,465.02707,537.55393280575,13.492016202988399,
1/17/2025 15:00,510.9014,527.7243852052898,3.187835918112319,
1/17/2025 16:00,491.49362,494.41653339686667,0.5911840266774779,
1/17/2025 17:00,478.93115,454.86321072511726,5.291248237083186,
1/17/2025 18:00,473.12924,418.47415386710804,13.060564809364013,
1/17/2025 19:00,431.98807,384.9962215577394,12.20579409301195,
1/17/2025 20:00,407.68988,354.19652383312024,15.102733352396456,
1/17/2025 21:00,379.0714,325.8608019264707,16.32924515368639,
1/17/2025 22:00,343.17273,299.79193777235304,14.470299649210599,
1/17/2025 23:00,316.44177,275.8085827505647,14.732387696259824,
1/18/2025 0:00,269.09583,253.74389613051954,6.05016684101686,
1/18/2025 1:00,268.22995,233.44438444007798,14.90100761880733,
1/18/2025 2:00,256.21515,214.76883368487174,19.298105097373345,
1/18/2025 3:00,221.01083,197.5873269900821,11.854761692954138,
1/18/2025 4:00,207.85565,181.7803408308755,14.344406499299698,
1/18/2025 5:00,193.9331,171.7198412756054,12.935758633443498,
1/18/2025 6:00,205.81995,183.71694533355696,12.03100830757624,
1/18/2025 7:00,239.45134,229.28463421887258,4.434098053470988,
1/18/2025 8:00,277.64648,284.38615370536274,2.369900658857447,
1/18/2025 9:00,347.4056,338.5575032969336,2.6134720831059264,
1/18/2025 10:00,365.97385,391.93284911317886,6.62332915864773,
1/18/2025 11:00,431.9154,442.4259989441248,2.3756726991115857,
1/18/2025 12:00,480.67218,485.92727719659484,1.0814575076194999,
1/18/2025 13:00,498.22125,521.560157332867,4.474825111413855,
1/18/2025 14:00,393.73993,543.9489213862378,27.614539946915574,
1/18/2025 15:00,393.73993,534.6467825073389,26.35512976386162,
1/18/2025 16:00,471.43146,500.9344573787516,5.889592824897928,
1/18/2025 17:00,458.49472,460.85970078845156,0.5131670930266007,
1/18/2025 18:00,400.87225,423.99092472537535,5.452633525677673,
1/18/2025 19:00,377.42487,390.0716507473453,3.2421697399590172,
1/18/2025 20:00,359.1259,358.8659186875579,0.07244107302205745,
1/18/2025 21:00,339.01556,330.15664519255324,2.683247149886633,
1/18/2025 22:00,297.8826,303.74411357714894,1.929754170760918,
1/18/2025 23:00,286.78394,279.44458449097704,2.6264066162767037,
1/19/2025 0:00,259.55682,257.0890177316991,0.9599033130793266,
1/19/2025 1:00,247.90059,236.52189631316304,4.810841132877185,
1/19/2025 2:00,228.18079,217.60014460810993,4.862423939909566,
1/19/2025 3:00,211.80511,200.19213303946128,5.800918113172485,
1/19/2025 4:00,200.98245,184.1767623963043,9.1247613312433,
1/19/2025 5:00,177.71501,174.7505283814,1.6964087277662454,
1/19/2025 6:00,198.60225,187.7068497508879,5.804476186713254,
1/19/2025 7:00,232.0263,232.39923033881695,0.1604670488493053,
1/19/2025 8:00,291.72736,288.4110312877117,1.149860549547175,
1/19/2025 9:00,347.7846,342.4118987846947,1.5690775256257548,
1/19/2025 10:00,381.73337,392.9954007859191,2.8656907545165233,
1/19/2025 11:00,421.96457,439.7811991870457,4.051248695529413,
1/19/2025 12:00,464.92398,482.3527107400821,3.613275024504429,
1/19/2025 13:00,487.23523,518.5488295448757,6.038698434662713,
1/19/2025 14:00,366.5467,541.9773955092857,32.36863844661004,
1/19/2025 15:00,390.55206,534.3985895325426,26.917459993689167,
1/19/2025 16:00,470.8484,501.23336903393937,6.062042601159491,
1/19/2025 17:00,445.95697,461.1346995112241,3.291387378236303,
1/19/2025 18:00,418.97333,424.2439235503264,1.2423503604954738,
1/19/2025 19:00,381.89893,390.3044096663001,2.153571334804177,
1/19/2025 20:00,364.0476,359.0800568929961,1.3834103101858481,
1/19/2025 21:00,341.8919,330.3536523415563,3.4926976938022194,
1/19/2025 22:00,296.41797,303.925360154232,2.4701431300179286,
1/19/2025 23:00,286.78394,279.6113313418933,2.565205126186914,
1/20/2025 0:00,257.96417,257.2424248345419,0.28057095527830217,
1/20/2025 1:00,246.7415,236.6630308477786,4.258573876371949,
1/20/2025 2:00,228.18079,217.72998837995624,4.799888995823021,
1/20/2025 3:00,202.68071,200.3115893095598,1.1827176537679887,
1/20/2025 4:00,200.98245,184.28666216479502,9.059684532596938,
1/20/2025 5:00,184.40494,175.95784683881146,4.8006332522739,
1/20/2025 6:00,198.60225,190.7452450677065,4.119108748955926,
1/20/2025 7:00,238.28,236.23388893429006,0.8661373074952633,
1/20/2025 8:00,299.0458,291.9466877875469,2.4316491312224846,
1/20/2025 9:00,363.55618,345.7417399405431,5.152528856900117,
1/20/2025 10:00,412.90646,395.9803055052996,4.27449493887032,
1/20/2025 11:00,462.29117,441.56768751287564,4.693160592601267,
1/20/2025 12:00,504.2124,482.2221417918457,4.560193040948453,
1/20/2025 13:00,511.8085,518.0995511684981,1.214254858365338,
1/20/2025 14:00,515.38416,540.3985870750183,4.628885493016345,
1/20/2025 15:00,515.38416,532.583218877017,3.229366415232668,
1/20/2025 16:00,491.32574,499.6746745748556,1.670873144221883,
1/20/2025 17:00,473.86774,459.7007006088673,3.081795652861723,
1/20/2025 18:00,440.23944,422.9246445601576,4.094061809951641,
1/20/2025 19:00,407.792,389.09067299534524,4.80641672754219,
1/20/2025 20:00,369.43628,357.9634191557175,3.2050370309393887,
1/20/2025 21:00,325.97012,329.3263456232603,1.0191174732446369,
1/20/2025 22:00,308.8531,302.9802379733994,1.938360879504768,
1/20/2025 23:00,281.28592,278.7418189355274,0.912708492626344,
1/21/2025 0:00,269.47333,256.4424734206852,5.081394685605331,
1/21/2025 1:00,238.63934,235.9270755470304,1.1496212159624215,
1/21/2025 2:00,239.80176,217.05290950326807,10.48078478251839,
1/21/2025 3:00,222.09561,199.6886767430065,11.220934103387437,
1/21/2025 4:00,197.66875,183.71358260356607,7.596152743256794,
1/21/2025 5:00,182.32007,175.92013235928079,3.6379781633085964,
1/21/2025 6:00,203.0361,183.66925558653836,10.544414004693648,
1/21/2025 7:00,260.2333,239.0529244436153,8.860122707323786,
1/21/2025 8:00,302.66736,295.08646000812615,2.569043117092727,
1/21/2025 9:00,370.2591,348.6564537754759,6.195967471382821,
1/21/2025 10:00,409.49667,398.71352651343796,2.7044848878943144,
1/21/2025 11:00,443.1754,444.6464443923627,0.330831241731945,
1/21/2025 12:00,482.2165,485.86025648097365,0.7499614823707208,
1/21/2025 13:00,405.1432,520.5774213624959,22.17426806253139,
1/21/2025 14:00,404.522,542.5028106614963,25.43411845542743,
1/21/2025 15:00,404.522,532.5625858085765,24.042354090711715,
1/21/2025 16:00,466.3663,498.85004125589074,6.511724181454656,
1/21/2025 17:00,465.9306,458.9420379554195,1.522755488483517,
1/21/2025 18:00,436.91342,422.22667491898585,3.4784033279497377,
1/21/2025 19:00,398.76453,388.448540925467,2.655689069430657,
1/21/2025 20:00,360.4952,357.3726576514296,0.8737520965720875,
1/21/2025 21:00,332.30682,328.7961783726753,1.0677269350175689,
1/21/2025 22:00,292.65063,302.49248410286134,3.253584751510606,
1/21/2025 23:00,282.78116,278.2930853746322,1.6127145475395763,
1/22/2025 0:00,257.26694,256.0456385446618,0.4769847743313667,
1/22/2025 1:00,252.48909,235.5619874610889,7.185837871030655,
1/22/2025 2:00,226.20306,216.71702846420163,4.377152809756741,
1/22/2025 3:00,213.3435,199.37966618706562,7.003642818424607,
1/22/2025 4:00,196.7662,183.47236981514035,7.24568774700974,
1/22/2025 5:00,182.63556,174.74070267872912,4.518040892749115,
1/22/2025 6:00,196.3901,190.69594124043078,2.9859916911193447,
1/22/2025 7:00,219.09729,236.51412174119622,7.363971154835294,
1/22/2025 8:00,247.45439,291.76874200190065,15.18817616251702,
1/22/2025 9:00,289.9367,344.60614028174865,15.864323744806864,
1/22/2025 10:00,310.36826,393.73230252320855,21.172773067828306,
1/22/2025 11:00,307.51016,438.96766023335203,29.946966437107132,
1/22/2025 12:00,313.58328,482.69953312668395,35.035511544942075,
1/22/2025 13:00,303.19922,521.7120534525493,41.883800317913,
1/22/2025 14:00,299.5586,543.1463633043453,44.847537608910386,
1/22/2025 15:00,299.5586,533.2021106879978,43.81894074585047,
1/22/2025 16:00,300.862,499.474258664958,39.76426326435898,
1/22/2025 17:00,295.25674,459.51631797176145,35.746189452425504,
1/22/2025 18:00,297.6881,422.75501253402047,29.58377747736189,
1/22/2025 19:00,296.86844,388.93461153129874,23.67137561970022,
1/22/2025 20:00,276.25153,357.81984260879506,22.795917670521018,
1/22/2025 21:00,257.7335,329.2102552000914,21.71158525010529,
1/22/2025 22:00,231.26286,302.9401014507241,23.66053155336497,
1/22/2025 23:00,211.71574,278.7048933346663,24.035871245242774,
1/23/2025 0:00,208.19693,256.4085018678928,18.80264171626097,
1/23/2025 1:00,212.76172,235.8958217184614,9.806915103427164,
1/23/2025 2:00,206.67407,217.02415598098452,4.769092946624054,
1/23/2025 3:00,205.01108,199.66222350250584,2.678951623658747,
1/23/2025 4:00,185.7326,183.68924562230538,1.1124001033598052,
1/23/2025 5:00,159.65518,174.82674965092082,8.678058590260637,
1/23/2025 6:00,178.2063,187.7324615268473,5.07432897925326,
1/23/2025 7:00,205.78918,231.72678556469944,11.193182061874765,
1/23/2025 8:00,267.0122,286.15471532752366,6.689565913447818,
1/23/2025 9:00,339.48105,339.62587166932167,0.042641947336185586,
1/23/2025 10:00,365.15808,384.80339613577604,5.1052863042187875,
1/23/2025 11:00,388.37128,431.0149383969139,9.893778090395417,
1/23/2025 12:00,443.042,474.07247610916096,6.545514765239357,
1/23/2025 13:00,489.99597,517.4503899404278,5.305710227390314,
1/23/2025 14:00,368.625,535.3597814891936,31.144435434688916,
1/23/2025 15:00,397.34692,526.6173385940582,24.547314585397846,
1/23/2025 16:00,469.29486,493.9819865945333,4.997576110999578,
1/23/2025 17:00,464.87753,454.46342766697103,2.291516689357182,
1/23/2025 18:00,415.53143,418.10635345361334,0.6158529586731719,
1/23/2025 19:00,381.013,384.65784517732425,0.947555011483713,
1/23/2025 20:00,365.31754,353.8852175631384,3.2305157915256935,
1/23/2025 21:00,341.0217,325.5744001580872,4.744629133144075,
1/23/2025 22:00,296.5056,299.5984481454402,1.032326078526214,
1/23/2025 23:00,286.1237,275.65914372236495,3.7961897002463427,
1/24/2025 0:00,257.92676,253.60641222457576,1.7035632301356982,
1/24/2025 1:00,250.86253,233.3178992466097,7.519626389307625,
1/24/2025 2:00,222.43309,214.65246730688094,3.6247535379858102,
1/24/2025 3:00,208.604,197.48026992233054,5.632833086715172,
1/24/2025 4:00,201.63148,181.68184832854405,10.980533740900535,
1/24/2025 5:00,180.0553,170.9606337958606,5.319741658516311,
1/24/2025 6:00,187.69363,182.80659559619173,2.673338136992912,
1/24/2025 7:00,220.98003,230.49305609249646,4.127252251608703,
1/24/2025 8:00,274.16058,287.9465732770968,4.787690169084419,
1/24/2025 9:00,334.53036,342.69417103092917,2.3822424572135446,
1/24/2025 10:00,365.58804,398.1409603084548,8.176229109997674,
1/24/2025 11:00,393.83255,427.7755190277783,7.934761918141933,
1/24/2025 12:00,457.05658,472.8043865935563,3.3307235402724893,
1/24/2025 13:00,489.99597,498.0843834900715,1.6239039163823195,
1/24/2025 14:00,393.73993,488.5540183548658,19.40708408763469,
1/24/2025 15:00,393.73993,463.83028225447674,15.111206779035502,
1/24/2025 16:00,468.76035,430.45087721811836,8.89984671153401,
1/24/2025 17:00,435.34076,396.1686531945092,9.88773487426881,
1/24/2025 18:00,398.12476,364.47516093894836,9.232342427324735,
1/24/2025 19:00,366.2303,335.31714806383246,9.219074467021898,
1/24/2025 20:00,348.39368,308.49177621872593,12.934510290088069,
1/24/2025 21:00,305.2715,283.81243412122774,7.561007972675485,
1/24/2025 22:00,293.8944,261.1074393915297,12.556888407531689,
1/24/2025 23:00,263.86664,240.21884424020735,9.844270968075985,
1/25/2025 0:00,253.19984,221.00133670099072,14.569372357654387,
1/25/2025 1:00,249.25514,203.32122976491135,22.591793537799006,
1/25/2025 2:00,222.32274,187.05553138371852,18.853870293413898,
1/25/2025 3:00,212.85878,172.09108887302102,23.689600258318055,
1/25/2025 4:00,200.51077,158.35380176317938,26.622013789694275,
1/25/2025 5:00,179.69383,147.3978785741251,21.91073177969417,
1/25/2025 6:00,203.93471,162.79931689619508,25.26754505464875,
1/25/2025 7:00,239.789,207.18355598449952,15.737467833974051,
1/25/2025 8:00,306.0616,260.87986346573945,17.318987722649016,
1/25/2025 9:00,374.40887,317.3850617804802,17.96676012769597,
1/25/2025 10:00,418.9625,369.89216381404185,13.266117772398106,
1/25/2025 11:00,469.0124,417.62363970891863,12.305038685936886,
1/25/2025 12:00,508.5304,463.2920917242052,9.764531834602819,
1/25/2025 13:00,512.3186,501.4451661062687,2.1684200276151357,
1/25/2025 14:00,512.3186,522.7357811937673,1.9928189446593136,
1/25/2025 15:00,518.4863,514.092649034266,0.8546473284509464,
1/25/2025 16:00,479.2876,479.0441336635244,0.05082287322123872,
1/25/2025 17:00,444.4771,440.7206029704425,0.8523560778972024,
1/25/2025 18:00,418.13208,405.4629547328072,3.12460736484953,
1/25/2025 19:00,382.11462,373.02591835418275,2.4364810116559124,
1/25/2025 20:00,350.23663,343.1838448858482,2.0551050173352383,
1/25/2025 21:00,312.44083,315.7291372949802,1.041497438955838,
1/25/2025 22:00,272.27142,290.47080631138186,6.265477485551011,
1/25/2025 23:00,267.04672,267.23314180647134,0.06975908493302314,
1/26/2025 0:00,255.97084,245.85449046195356,4.114771291400726,
1/26/2025 1:00,231.65448,226.1861312249974,2.417632206650075,
1/26/2025 2:00,211.90825,208.1045740603576,1.8277708974846378,
1/26/2025 3:00,203.21597,191.456208135529,6.142273932708962,
1/26/2025 4:00,181.61276,176.13971148468667,3.107221489323844,
1/26/2025 5:00,165.9645,165.92510599471166,0.023737699550519194,
1/26/2025 6:00,184.12498,180.36046814713487,2.087218242860761,
1/26/2025 7:00,223.9923,223.2111043833641,0.3499780758297962,
1/26/2025 8:00,278.28217,277.7405574966948,0.19500502034363135,
1/26/2025 9:00,335.32697,330.7548306809594,1.3823334466978818,
1/26/2025 10:00,407.3926,380.0973533144826,7.18112217569486,
1/26/2025 11:00,436.85413,425.9045343773241,2.570902799907206,
1/26/2025 12:00,495.22754,465.40770679513804,6.407249349759474,
1/26/2025 13:00,498.8494,500.5932384035271,0.34835521493166133,
1/26/2025 14:00,506.46408,521.8887714592447,2.955551353513337,
1/26/2025 15:00,498.47153,505.3667979505052,1.3644091536799254,
1/26/2025 16:00,482.8148,468.1807874480649,3.1257159120220868,
1/26/2025 17:00,472.03918,430.72632445221967,9.591440729942116,
1/26/2025 18:00,436.86978,396.2682184960421,10.24598014753587,
1/26/2025 19:00,403.77588,364.5667610163589,10.754989780357871,
1/26/2025 20:00,369.3356,335.4814201350501,10.091224026046607,
1/26/2025 21:00,347.04712,308.65890652424616,12.43709862406427,
1/26/2025 22:00,304.75482,284.1068000629466,7.267697115951599,
1/26/2025 23:00,291.67322,261.37825605791085,11.59046745985424,
1/27/2025 0:00,264.34726,240.46799557327805,9.930329352676614,
1/27/2025 1:00,244.37323,221.23055592741568,10.460885005706912,
1/27/2025 2:00,226.02849,203.53211145322243,11.05298645276796,
1/27/2025 3:00,208.58942,187.2495425369646,11.396489239875697,
1/27/2025 4:00,203.29193,172.26957913400742,18.008026823008745,
1/27/2025 5:00,175.08858,160.7442839896869,8.923672384979628,
1/27/2025 6:00,203.47205,157.0274079345119,29.577408539594106,
1/27/2025 7:00,230.98903,166.63346272375105,38.62103394778707,
1/27/2025 8:00,282.16492,199.80652457785098,41.219070592585716,
1/27/2025 9:00,341.83386,250.46189650762287,36.481383823700185,
1/27/2025 10:00,398.0747,299.942200723013,32.71713885931617,
1/27/2025 11:00,430.6932,353.261549937172,21.919072954220095,
1/27/2025 12:00,482.32733,401.346162662198,20.177387107331167,
1/27/2025 13:00,480.0731,439.9730593132223,9.11420129882075,
1/27/2025 14:00,391.4665,461.34862920016445,15.147359952515666,
1/27/2025 15:00,390.60773,442.4852606001513,11.724126918715342,
1/27/2025 16:00,441.0258,413.1659852065394,6.7430047836704805,
1/27/2025 17:00,427.1161,380.1127063900161,12.365643580707713,
1/27/2025 18:00,399.67007,349.703689878815,14.288206281549614,
1/27/2025 19:00,377.15897,321.7273946885097,17.22936010146453,
1/27/2025 20:00,346.45065,295.9892031134289,17.04840900679919,
1/27/2025 21:00,302.98462,272.31006686435455,11.264567861734735,
1/27/2025 22:00,288.50162,250.52526151520618,15.158693253825575,
1/27/2025 23:00,269.23264,230.48324059398985,16.812239711743914,
1/28/2025 0:00,252.82884,212.0445813464707,19.233814209086397,
1/28/2025 1:00,224.47818,195.08101483875302,15.06920861427046,
1/28/2025 2:00,217.87112,179.4745336516528,21.39389351497097,
1/28/2025 3:00,206.27261,165.11657095952057,24.925446505281247,
1/28/2025 4:00,180.27289,151.90724528275894,18.673001967770027,
1/28/2025 5:00,171.37634,144.42333232653817,18.66250419008414,
1/28/2025 6:00,172.46185,160.2865903404151,7.5959334221727115,
1/28/2025 7:00,215.22394,206.5509655691819,4.198950314853135,
1/28/2025 8:00,266.60458,252.10909826764734,5.749687564705876,
1/28/2025 9:00,319.0293,300.01193797423565,6.338867389469521,
1/28/2025 10:00,407.29468,343.09213779229674,18.712914949087406,
1/28/2025 11:00,433.05206,363.63326139291325,19.090333301595187,
1/28/2025 12:00,470.20084,395.92597126548003,18.759785997053754,
1/28/2025 13:00,488.67773,430.2574184282415,13.577991556815386,
1/28/2025 14:00,507.75546,457.47221436198254,10.991541498237176,
1/28/2025 15:00,468.60828,454.4793351730237,3.1088192797115455,
1/28/2025 16:00,449.2679,427.00098835918203,5.214724571186938,
1/28/2025 17:00,440.28595,392.84090929044737,12.077418439510163,
1/28/2025 18:00,404.36115,361.4136365472117,11.883200889324854,
1/28/2025 19:00,375.31125,332.50054562343473,12.875378317227288,
1/28/2025 20:00,346.1994,305.90050197355987,13.173858696509125,
1/28/2025 21:00,306.46042,281.42846181567506,8.894607433803833,
1/28/2025 22:00,281.00287,258.91418487042114,8.53127602606143,
1/28/2025 23:00,261.22412,238.20105008078735,9.665394424228705,
1/29/2025 0:00,248.29292,219.1449660743244,13.300764978294186,
1/29/2025 1:00,220.9506,201.61336878837858,9.591248153649595,
1/29/2025 2:00,208.4119,185.48429928530828,12.360936507827041,
1/29/2025 3:00,203.7828,170.64555534248353,19.418760123868907,
1/29/2025 4:00,181.78448,156.9939109150849,15.790786918866617,
1/29/2025 5:00,168.91037,148.98248314827808,13.375993139364667,
1/29/2025 6:00,181.78265,164.09507093641585,10.778862991583427,
1/29/2025 7:00,222.7506,201.11751931750257,10.75643526664572,
1/29/2025 8:00,266.4714,258.6905979801023,3.007765689958715,
1/29/2025 9:00,324.7476,315.5584440616943,2.912026352822711,
1/29/2025 10:00,339.53592,371.33721677675874,8.56399416771198,
1/29/2025 11:00,356.847,404.66789277061804,11.817321997039086,
1/29/2025 12:00,409.39178,452.8833319089685,9.603256330427664,
1/29/2025 13:00,457.26828,449.0786147242512,1.82365960803419,
1/29/2025 14:00,459.28745,440.30102783431084,4.312144654178115,
1/29/2025 15:00,484.30023,416.1163976635662,16.385760006784157,
1/29/2025 16:00,452.4397,385.6288636280811,17.325164151088927,
1/29/2025 17:00,446.4186,354.7785545378345,25.830212652138584,
1/29/2025 18:00,440.58862,326.39627017480757,34.98580201633726,
1/29/2025 19:00,398.98438,300.2845685608231,32.86875742973288,
1/29/2025 20:00,382.23212,276.26180307595723,38.358655609775106,
1/29/2025 21:00,359.42154,254.16085882988077,41.41498457369264,
1/29/2025 22:00,291.8036,233.8279901234903,24.794122685260586,
1/29/2025 23:00,285.90634,215.1217509136111,32.90443218247562,
1/30/2025 0:00,262.88763,197.91201084052216,32.83056099570382,
1/30/2025 1:00,235.79642,182.07904997328035,29.502222947082966,
1/30/2025 2:00,224.0481,167.51272597541794,33.74989535780313,
1/30/2025 3:00,220.12917,154.11170789738455,42.83740583550428,
1/30/2025 4:00,199.95549,141.7827712655938,41.02946946758374,
1/30/2025 5:00,199.95549,132.9553495643463,50.39296332753603,
1/30/2025 6:00,205.0839,150.32275546319863,36.429040427264766,
1/30/2025 7:00,230.97984,197.59102717014264,16.89794139323705,
1/30/2025 8:00,294.58847,235.7179672205312,24.974974938323463,
1/30/2025 9:00,375.9292,295.64235809888874,27.156744938763577,
1/30/2025 10:00,431.21082,353.3878924909776,22.02195507892133,
1/30/2025 11:00,474.16492,403.7655716916996,17.435697899037862,
1/30/2025 12:00,480.9497,434.55955322836337,10.675212052813473,
1/30/2025 13:00,482.5175,428.01915983409447,12.732683919872976,
1/30/2025 14:00,433.30817,402.88843555936705,7.550410550331306,
1/30/2025 15:00,394.1537,370.6733607146175,6.3345058742696025,
1/30/2025 16:00,388.30518,341.0194918574482,13.865976887786813,
1/30/2025 17:00,333.5212,313.7379325088523,6.305669527986195,
1/30/2025 18:00,281.8884,288.6388979081441,2.3387356105743864,
1/30/2025 19:00,268.5616,265.54778607549275,1.1349478597742177,
1/30/2025 20:00,235.68782,244.3039631894532,3.5268125176509075,
1/30/2025 21:00,224.61723,224.75964613429693,0.0633622896187726,
1/30/2025 22:00,217.68542,206.77887444355332,5.274499336783777,
1/30/2025 23:00,200.77644,190.23656448806904,5.540406504784889,
1/31/2025 0:00,197.02296,175.01763932902352,12.573204182663405,
1/31/2025 1:00,170.65462,161.01622818270155,5.985973734232734,
1/31/2025 2:00,162.18777,148.13492992808543,9.486516608162495,
1/31/2025 3:00,153.24854,141.67305119623865,8.170561629238545,
1/31/2025 4:00,152.16103,158.03668150053954,3.7179061492397394,
1/31/2025 5:00,188.07526,203.1916257644964,7.43946477123046,
1/31/2025 6:00,213.40791,260.20877095133676,17.985887859284137,
1/31/2025 7:00,258.73587,315.6936360992299,18.042101336499098,
1/31/2025 8:00,318.0663,367.79144753929154,13.519926353565829,
1/31/2025 9:00,316.53125,416.5594681441483,24.012950321305393,
1/31/2025 10:00,323.69678,457.7166566366163,29.28009661646755,
1/31/2025 11:00,321.61377,491.51959076968706,34.56745660378985,
1/31/2025 12:00,324.1408,513.9897695401121,36.93633077648784,
1/31/2025 13:00,324.1408,503.402922272903,35.61006625826724,
1/31/2025 14:00,318.77838,469.2250800254708,32.06279994020096,
1/31/2025 15:00,306.55457,431.68707362343343,28.986855488496914,
1/31/2025 16:00,300.45062,397.1521077335585,24.34872767686276,
1/31/2025 17:00,291.19574,365.3799391148739,20.303303883757266,
1/31/2025 18:00,295.9274,336.14954398568386,11.965551054192785,
1/31/2025 19:00,285.62164,309.25758046682944,7.642799689742237,
1/31/2025 20:00,245.30928,284.5169740294831,13.780440962342155,
1/31/2025 21:00,230.74988,261.75561610712447,11.845300069797835,
1/31/2025 22:00,209.02731,240.8151668185544,13.200104464385138,
1/31/2025 23:00,206.03278,221.54995347307008,7.0039182364576655,
2/1/2025 0:00,195.86551,203.8259571952245,3.905512463457665,
2/1/2025 1:00,191.08252,187.5198806196065,1.8998726427681987,
2/1/2025 2:00,187.82703,172.5182901700381,8.873688802538405,
2/1/2025 3:00,162.27216,160.71682695643494,0.9677448433606803,
2/1/2025 4:00,177.90703,175.1744807999202,1.5599003838025034,
2/1/2025 5:00,211.61636,219.8228253679266,3.733216434098911,
2/1/2025 6:00,252.19287,276.20769241049254,8.694479544419186,
2/1/2025 7:00,296.41528,331.7830770176532,10.659914945766328,
2/1/2025 8:00,316.51657,384.58884714424084,17.700013041144775,
2/1/2025 9:00,321.60657,427.29165034870164,24.73371124374705,
2/1/2025 10:00,310.67932,470.8101588088058,34.01176345151291,
2/1/2025 11:00,308.6026,499.28988664810134,38.19169817970721,
2/1/2025 12:00,307.01083,515.4048967722531,40.433077826209285,
2/1/2025 13:00,304.8973,508.8784309584728,40.084450469764434,
2/1/2025 14:00,300.13412,478.96769405779514,37.33729258164886,
2/1/2025 15:00,304.15314,440.6731356760513,30.979877695421614,
2/1/2025 16:00,292.70718,405.4192848219674,27.80136643809933,
2/1/2025 17:00,295.28403,372.9857420362102,20.832355283183286,
2/1/2025 18:00,293.02023,343.14688267331326,14.607927989466408,
2/1/2025 19:00,259.70297,315.6951320594482,17.736149202577824,
2/1/2025 20:00,238.4447,290.4395214946922,17.902115758445397,
2/1/2025 21:00,215.40971,267.2043597751169,19.383907535637093,
2/1/2025 22:00,208.7508,245.82801099310754,15.082584521710935,
2/1/2025 23:00,198.01472,226.16177011365903,12.44553638224013,
2/2/2025 0:00,195.86551,208.06882850456623,5.865039736644305,
2/2/2025 1:00,191.08252,191.42332222420103,0.17803613947932168,
2/2/2025 2:00,179.17021,176.12545644626488,1.728742344895641,
2/2/2025 3:00,163.97359,166.31581597056373,1.4083019830449992,
2/2/2025 4:00,171.9695,182.33582846891863,5.685295575368304,
2/2/2025 5:00,199.56854,230.55579146340511,13.4402388186613,
2/2/2025 6:00,224.31073,286.6845413623329,21.756949672089764,
2/2/2025 7:00,266.64658,341.7579366933463,21.977941900149087,
2/2/2025 8:00,316.51657,393.90932556587836,19.647352702243435,
2/2/2025 9:00,314.71335,437.28872044060813,28.030764646394363,
2/2/2025 10:00,325.4657,474.33536928535966,31.38489783451344,
2/2/2025 11:00,312.66928,509.74903510253074,38.66211420234092,
2/2/2025 12:00,318.95593,513.2189999343285,37.85188532419862,
2/2/2025 13:00,315.10486,487.20048409158215,35.32336919041212,
2/2/2025 14:00,326.25745,454.26044536425576,28.17832817747362,
2/2/2025 15:00,325.21686,417.95960973511524,22.18940530730597,
2/2/2025 16:00,310.7734,384.522840956306,19.179467672315575,
2/2/2025 17:00,300.64188,353.76101367980164,15.0155430940669,
2/2/2025 18:00,295.9274,325.46013258541757,9.074147936084314,
2/2/2025 19:00,300.9635,299.423321978584,0.5143817748734552,
2/2/2025 20:00,274.20584,275.4694562202973,0.4587133445508444,
2/2/2025 21:00,241.16267,253.43189972267353,4.841231820423648,
2/2/2025 22:00,229.73236,233.1573477448597,1.4689594551246352,
2/2/2025 23:00,209.73877,214.50475992527078,2.2218576388147064,
2/3/2025 0:00,212.50288,197.3443791312492,7.681244759346313,
2/3/2025 1:00,196.3967,181.55682880074932,8.173677242172845,
2/3/2025 2:00,190.99963,167.03228249668928,14.34893359183323,
2/3/2025 3:00,189.52592,159.24860099615427,19.012615179705154,
2/3/2025 4:00,192.17409,174.1668020844619,10.339103218545386,
2/3/2025 5:00,220.68913,205.08686332570494,7.607639568774472,
2/3/2025 6:00,255.53352,258.34168369964857,1.0869945956313658,
2/3/2025 7:00,316.63528,309.0713860436766,2.447298171783072,
2/3/2025 8:00,316.51657,358.4952218241825,11.709682088830828,
2/3/2025 9:00,316.49326,408.0209725022482,22.432110860798826,
2/3/2025 10:00,524.4831,448.2656439100682,17.00274165265751,
2/3/2025 11:00,511.8469,487.592413789263,4.974334882036669,
2/3/2025 12:00,511.8469,510.09154002212176,0.34412515219307227,
2/3/2025 13:00,523.13947,507.1230083643521,3.1582982241996502,
2/3/2025 14:00,505.67487,477.3525037912039,5.933217424547264,
2/3/2025 15:00,486.8885,439.16430348790743,10.867045637040928,
2/3/2025 16:00,469.3839,404.031159208875,16.175176204702467,
2/3/2025 17:00,451.89236,371.7086664721651,21.5716514739353,
2/3/2025 18:00,461.52347,341.97197315439183,34.95944236611805,
2/3/2025 19:00,460.57278,314.62754863540044,46.38666779861457,
2/3/2025 20:00,351.5905,289.54067807792836,21.430438538273368,
2/3/2025 21:00,345.51898,266.50448265521425,29.64846913310768,
2/3/2025 22:00,311.7915,245.18412404279698,27.166269481553655,
2/3/2025 23:00,320.78354,225.5693941193733,42.210577844881705,
2/4/2025 0:00,273.34256,207.52384258982337,31.716219400737618,
2/4/2025 1:00,268.48862,190.92193518263747,40.62743324203213,
2/4/2025 2:00,260.72733,175.64818036802652,48.43724819304401,
2/4/2025 3:00,260.72733,166.60251150578435,56.49663566470354,
2/4/2025 4:00,262.96655,179.2450513293217,46.70784536820167,
2/4/2025 5:00,337.5182,222.263553070976,51.854941493165974,
2/4/2025 6:00,376.85364,266.50273548929783,41.407042972152205,
2/4/2025 7:00,476.0547,316.648405242154,50.34172906569401,
2/4/2025 8:00,493.0295,362.8397158467816,35.880800520260934,
2/4/2025 9:00,507.58807,413.5321119150394,22.7445364230271,
2/4/2025 10:00,523.381,449.78641298583597,16.362114624790607,
2/4/2025 11:00,514.30115,478.77602741896936,7.419987218967558,
2/4/2025 12:00,513.1392,509.3546836894517,0.7430063221450524,
2/4/2025 13:00,513.1392,504.92752850629563,1.6263111479389727,
2/4/2025 14:00,508.70148,471.9400842169921,7.789419475733012,
2/4/2025 15:00,503.22107,434.20087747963254,15.895912568611184,
2/4/2025 16:00,484.1901,399.4648072812619,21.209699870563036,
2/4/2025 17:00,467.14227,367.507622698761,27.11090712045621,
2/4/2025 18:00,443.34317,338.1070128828601,31.12510337655003,
2/4/2025 19:00,444.46503,311.05845185223154,42.887944117529415,
2/4/2025 20:00,438.03387,286.1737757040529,53.06569354024676,
2/4/2025 21:00,402.39648,263.2798736477287,52.839819770428335,
2/4/2025 22:00,332.36926,242.21748375591048,37.219352435454475,
2/4/2025 23:00,331.57922,222.84008505543756,48.79693819463546,
2/5/2025 0:00,293.29416,205.12843380652257,42.9807430851748,
2/5/2025 1:00,276.18173,188.7181591020008,46.34613515303534,
2/5/2025 2:00,243.5649,173.6207063738407,40.285626476739495,
2/5/2025 3:00,218.41281,163.85290171593348,33.29810396519688,
2/5/2025 4:00,226.11414,180.9079400186587,24.988508364456674,
2/5/2025 5:00,304.2176,228.40764767316617,33.1906323764357,
2/5/2025 6:00,341.88617,285.19717284331296,19.877124315473377,
2/5/2025 7:00,476.4361,341.8823845198478,39.356725518493924,
2/5/2025 8:00,495.75266,395.3920618382599,25.38255136545729,
2/5/2025 9:00,503.073,426.2617664111992,18.019732870336494,
2/5/2025 10:00,524.4831,469.72424107430345,11.657659409311442,
2/5/2025 11:00,512.3186,511.46200800435923,0.1674797928018273,
2/5/2025 12:00,512.3186,516.6375691000105,0.8359759031673245,
2/5/2025 13:00,512.3186,512.6592241240095,0.06644191547835865,
2/5/2025 14:00,505.67487,480.1315593620888,5.320064024640398,
2/5/2025 15:00,496.65073,441.7832568353617,12.41954479579677,
2/5/2025 16:00,479.3964,406.4405962885327,17.94992852582608,
2/5/2025 17:00,460.7905,373.92534858545037,23.230612358678023,
2/5/2025 18:00,443.04135,344.01132069861416,28.786852252023625,
2/5/2025 19:00,437.95267,316.49041504272515,38.377861199115934,
2/5/2025 20:00,402.2115,291.171181839307,38.13574690862804,
2/5/2025 21:00,370.64697,267.8774872921626,38.36436066462021,
2/5/2025 22:00,314.29044,246.4472883087896,27.52846174441205,
2/5/2025 23:00,301.49658,226.7315052440864,32.97516007167849,
2/6/2025 0:00,263.08905,208.59298482455944,26.125550441806144,
2/6/2025 1:00,239.4143,191.90554603859476,24.756324964404932,
2/6/2025 2:00,228.32695,176.55310235550712,29.324802015363797,
2/6/2025 3:00,221.80707,166.59539962146667,33.14117219027504,
2/6/2025 4:00,236.8848,178.5938754357492,32.63881281740797,
2/6/2025 5:00,313.1532,221.46367036888935,41.40161125324619,
2/6/2025 6:00,432.0011,275.3661618033783,56.882420048864745,
2/6/2025 7:00,490.39603,329.49860798710796,48.83098584456402,
2/6/2025 8:00,499.43988,384.1249140681392,30.020173667386494,
2/6/2025 9:00,518.8548,435.6806352626884,19.090626336982826,
2/6/2025 10:00,509.87943,480.42413316167307,6.131101635821179,
2/6/2025 11:00,512.3186,515.5433059567391,0.6254959387223066,
2/6/2025 12:00,512.3186,535.9581799442002,4.41071287148493,
2/6/2025 13:00,512.3186,527.774280964664,2.9284635508932175,
2/6/2025 14:00,506.73975,495.02261886349095,2.3669882513974994,
2/6/2025 15:00,497.69666,455.46080935441177,9.27321188817376,
2/6/2025 16:00,488.02533,419.02394460605876,16.46716992477744,
2/6/2025 17:00,467.60904,385.502029037574,21.298723245128194,
2/6/2025 18:00,444.02148,354.6618667145682,25.195721910624357,
2/6/2025 19:00,422.6341,326.28891737740275,29.527566438746263,
2/6/2025 20:00,398.22278,300.18580398721053,32.65876434892266,
2/6/2025 21:00,363.994,276.17093966823376,31.80024968390161,
2/6/2025 22:00,309.82962,254.07726449477497,21.94307152094661,
2/6/2025 23:00,291.81223,233.75108333519302,24.838876114788174,
2/7/2025 0:00,263.08905,215.0509966683776,22.337982324568767,
2/7/2025 1:00,237.81688,197.8469169349073,20.202469139665165,
2/7/2025 2:00,226.24706,182.01916358011482,24.298480777343773,
2/7/2025 3:00,220.12927,170.0176304937056,29.47437969916133,
2/7/2025 4:00,222.36736,174.01731971020916,27.784611162261193,
2/7/2025 5:00,250.81859,201.82148968539246,24.27744371911145,
2/7/2025 6:00,329.84186,234.066025470561,40.918297410762506,
2/7/2025 7:00,420.30856,289.4850445049162,45.19180566002745,
2/7/2025 8:00,488.8905,334.029609368523,46.36142701658284,
2/7/2025 9:00,503.073,364.56852913104115,37.99133985754693,
2/7/2025 10:00,512.5551,371.9460693125578,37.80361107012473,
2/7/2025 11:00,512.3186,396.1560980555531,29.322407513157195,
2/7/2025 12:00,515.38416,400.49709335510886,28.686116285109144,
2/7/2025 13:00,512.3186,391.44488891070046,30.878858820021332,
2/7/2025 14:00,506.73975,363.8216689322445,39.282453291181376,
2/7/2025 15:00,497.69666,334.7616497033448,48.671944864198316,
2/7/2025 16:00,473.17944,307.9807177270772,53.63930795780912,
2/7/2025 17:00,468.21097,283.3422603089109,65.24572349607011,
2/7/2025 18:00,443.41183,260.6748794841982,70.10148258021003,
2/7/2025 19:00,411.30005,239.82088912546226,71.50301223883523,
2/7/2025 20:00,377.63242,220.63521799542525,71.15690740691922,
2/7/2025 21:00,354.29422,202.9844005557913,74.54258504624525,
2/7/2025 22:00,286.99136,186.74564851132794,53.68034854530054,
2/7/2025 23:00,279.8911,171.8059966304217,62.91114324916972,
2/8/2025 0:00,270.11005,158.06151689998808,70.88919028761967,
2/8/2025 1:00,225.4749,145.416595547989,55.054447838165146,
2/8/2025 2:00,218.2618,133.78326790414988,63.14580923551723,
2/8/2025 3:00,219.59773,126.80060647181789,73.18350333975104,
2/8/2025 4:00,220.48099,134.84500983407247,63.506968348425495,
2/8/2025 5:00,259.45694,172.27607571134666,50.605322663602415,
2/8/2025 6:00,319.8018,213.730363278439,49.62861777081888,
2/8/2025 7:00,445.0255,252.9563428161639,75.92977022866549,
2/8/2025 8:00,487.98407,307.6732745428708,58.60463361637337,
2/8/2025 9:00,510.1962,363.66999009944095,40.29098121906043,
2/8/2025 10:00,514.28174,413.9472769634857,24.238463906265725,
2/8/2025 11:00,514.28174,447.67576665440686,14.87817223715419,
2/8/2025 12:00,514.28174,445.6835671860544,15.391676100671377,
2/8/2025 13:00,499.30746,417.2010557239701,19.680297484664745,
2/8/2025 14:00,486.73077,383.84097126605246,26.805320526456406,
2/8/2025 15:00,461.47958,353.13369356476835,30.681266656191863,
2/8/2025 16:00,447.30765,324.88299807958697,37.682688952378065,
2/8/2025 17:00,442.03378,298.8923582332199,47.89062710464949,
2/8/2025 18:00,391.55112,274.9809695745624,42.39207809513103,
2/8/2025 19:00,305.13412,252.98249200859735,20.614720146518955,
2/8/2025 20:00,307.9449,232.74389264790972,32.310619088836454,
2/8/2025 21:00,269.52658,214.12438123607677,25.873839893733532,
2/8/2025 22:00,235.45612,196.99443073719078,19.524249919926415,
2/8/2025 23:00,229.19498,181.23487627821552,26.462953220328885,
2/9/2025 0:00,227.33073,166.73608617595823,36.341651928320616,
2/9/2025 1:00,220.994,153.3971992818815,44.06651772683382,
2/9/2025 2:00,202.94165,144.10163955533108,40.83229796472994,
2/9/2025 3:00,216.9277,156.08631998290457,38.97931854705844,
2/9/2025 4:00,254.85869,205.9411286722722,23.75317645270641,
2/9/2025 5:00,335.94302,266.1231028184904,26.23594874841475,
2/9/2025 6:00,452.7886,325.0333807530111,39.305262643284216,
2/9/2025 7:00,488.92648,354.4830585807705,37.92661491688548,
2/9/2025 8:00,509.77832,396.1434615103087,28.685279410886906,
2/9/2025 9:00,518.4863,435.21964416548417,19.132106070068662,
2/9/2025 10:00,524.2411,450.5125284002454,16.365485046276003,
2/9/2025 11:00,503.17734,446.55061444822553,12.680919332790285,
2/9/2025 12:00,501.17676,418.5175241963677,19.75048327423173,
2/9/2025 13:00,491.77856,385.16945559401825,27.678495091125914,
2/9/2025 14:00,471.3238,354.3558991464968,33.00859182509415,
2/9/2025 15:00,457.09808,326.0074272147772,40.21094163445321,
2/9/2025 16:00,442.8809,299.92683303759486,47.662976802433825,
2/9/2025 17:00,404.78275,275.9326863945873,46.696192702043135,
2/9/2025 18:00,347.98773,253.85807148302044,37.0796405647749,
2/9/2025 19:00,303.37463,233.54942576437864,29.8974008590064,
2/9/2025 20:00,288.1195,214.86547170322848,34.09297666676164,
2/9/2025 21:00,261.71497,197.6762339669701,32.39576683965089,
2/9/2025 22:00,237.71315,181.8621352496126,30.71063401853489,
2/9/2025 23:00,227.61508,167.3131644296436,36.04134651509934,
2/10/2025 0:00,221.20105,153.92811127527202,43.704127837383936,
2/10/2025 1:00,207.33495,146.92364960765025,41.11747579942712,
2/10/2025 2:00,209.4629,165.65314132703824,26.446685046714595,
2/10/2025 3:00,250.0338,214.10582226887527,16.780475919883962,
2/10/2025 4:00,324.9718,272.54698215936526,19.23514954489318,
2/10/2025 5:00,417.66248,329.0887791386159,26.914833340462625,
2/10/2025 6:00,501.4807,383.12438104752687,30.89240405935323,
2/10/2025 7:00,495.97345,429.6785386757248,15.428955617757476,
2/10/2025 8:00,518.7257,468.6222216856669,10.691658227798047,
2/10/2025 9:00,512.3186,503.9835845348134,1.6538274730723552,
2/10/2025 10:00,512.3186,511.0719695960282,0.24392531654243615,
2/10/2025 11:00,524.2411,493.40315906834616,6.250047092740579,
2/10/2025 12:00,501.17676,461.82550951727853,8.520804391328062,
2/10/2025 13:00,491.77856,424.979468755896,15.718193608924139,
2/10/2025 14:00,488.15897,390.9811112554246,24.854872015938152,
2/10/2025 15:00,479.39822,359.7026223549904,33.27626602728383,
2/10/2025 16:00,448.4952,330.9264125665913,35.52717211715009,
2/10/2025 17:00,409.15976,304.45229956126406,34.39207393444251,
2/10/2025 18:00,374.5349,280.096115596363,33.716567726024635,
2/10/2025 19:00,364.09528,257.68842634865376,41.292832215244104,
2/10/2025 20:00,324.95703,237.21943919732158,36.98583570956737,
2/10/2025 21:00,282.282,218.24188406153593,29.34364737240827,
2/10/2025 22:00,253.18239,200.78253333661297,26.0978154315856,
2/10/2025 23:00,234.62704,184.719930669684,27.017720192464896,
2/11/2025 0:00,226.63196,169.9423362161093,33.358151390606466,
2/11/2025 1:00,225.3487,162.7314391148205,38.478892015853255,
2/11/2025 2:00,235.73048,172.80298533763488,36.415747417905955,
2/11/2025 3:00,276.6606,205.20861317462408,34.81920165711811,
2/11/2025 4:00,367.97046,239.26203648065425,53.7939174960285,
2/11/2025 5:00,442.09125,295.42515958620174,49.645767536463495,
2/11/2025 6:00,502.92615,355.3835701793057,41.5164317267651,
2/11/2025 7:00,503.073,411.0918676049611,22.374835819010457,
2/11/2025 8:00,512.5551,460.4593474765645,11.313868977799542,
2/11/2025 9:00,512.3186,503.32507587043915,1.7868228857131039,
2/11/2025 10:00,512.3186,531.2857364648039,3.5700436972742673,
2/11/2025 11:00,512.3186,527.25248479562,2.8323965672317097,
2/11/2025 12:00,506.73975,496.2507984119702,2.1136384496196277,
2/11/2025 13:00,497.69666,456.68406787237274,8.980516353928587,
2/11/2025 14:00,488.02533,420.14934244258285,16.155204897538727,
2/11/2025 15:00,469.21368,386.53739504717623,21.388949709449072,
2/11/2025 16:00,453.96616,355.61440344340207,27.656852931186325,
2/11/2025 17:00,424.47937,327.1652511679299,29.744637794466577,
2/11/2025 18:00,381.38004,300.9920310744956,26.70768526293606,
2/11/2025 19:00,363.994,276.91266858853606,31.447213987153205,
2/11/2025 20:00,302.3799,254.7596551014532,18.692229038252172,
2/11/2025 21:00,294.30304,234.37888269333686,25.567216708618588,
2/11/2025 22:00,262.5393,215.62857207787,21.755342583177764,
2/11/2025 23:00,236.35158,198.37828631164035,19.14185879572271,
2/12/2025 0:00,226.08902,182.50802340670919,23.878948199205226,
2/12/2025 1:00,216.82318,172.75661230377233,25.507891281802582,
2/12/2025 2:00,230.2945,187.12095174347058,23.07253275657955,
2/12/2025 3:00,268.94635,231.87408048399305,15.98810420564553,
2/12/2025 4:00,318.1975,287.6423119412734,10.62263671089874,
2/12/2025 5:00,443.852,343.06165546597174,29.379656010585357,
2/12/2025 6:00,495.6977,398.09610286869383,24.51709255606362,
2/12/2025 7:00,497.0911,449.55984319919844,10.572841967658519,
2/12/2025 8:00,524.4831,493.6422846232627,6.247602687033406,
2/12/2025 9:00,512.3186,531.7298318934015,3.6505810307193727,
2/12/2025 10:00,515.38416,554.8761146059296,7.117257040436696,
2/12/2025 11:00,515.38416,547.9137177414553,5.936986320055524,
2/12/2025 12:00,506.73975,511.2118203221389,0.8747986745632862,
2/12/2025 13:00,497.69666,470.35487469636786,5.813010994032923,
2/12/2025 14:00,488.02533,432.7264847206585,12.779168093878694,
2/12/2025 15:00,467.60904,398.10836594300577,17.457727420273493,
2/12/2025 16:00,460.72577,366.2596966675652,25.792101406436064,
2/12/2025 17:00,424.47937,336.9589209341601,25.973625788090764,
2/12/2025 18:00,378.59668,310.0022072594273,22.12709162121191,
2/12/2025 19:00,363.994,285.202030678673,27.626716812268594,
2/12/2025 20:00,305.52283,262.38586822437924,16.44027523889728,
2/12/2025 21:00,288.65558,241.39499876642893,19.578110602275206,
2/12/2025 22:00,263.9177,222.08339886511465,18.837200547390243,
2/12/2025 23:00,236.35158,204.34072695590555,15.665428659158628,
2/13/2025 0:00,220.12927,188.00946879943302,17.084141488517062,
2/13/2025 1:00,221.00935,176.89427651307847,24.93866844886598,
2/13/2025 2:00,234.64098,184.70909200803214,27.032715824267594,
2/13/2025 3:00,292.48978,236.35400399138967,23.75071785201636,
2/13/2025 4:00,370.50772,291.2501041600783,27.21290590290239,
2/13/2025 5:00,438.866,323.98781940327217,35.45756075730442,
2/13/2025 6:00,513.9855,382.90456105101055,34.23331187855434,
2/13/2025 7:00,508.65698,431.2270624789295,17.955719081691182,
2/13/2025 8:00,512.5551,481.5087330806154,6.447729715481711,
2/13/2025 9:00,515.38416,522.4345271861662,1.3495225805043938,
2/13/2025 10:00,406.75223,542.1026918432726,24.967679758210956,
2/13/2025 11:00,439.45178,543.5209553678109,19.14722369275032,
2/13/2025 12:00,497.1317,513.2089759063865,3.1326930731881113,
2/13/2025 13:00,503.22107,472.22082926243536,6.564776086205602,
2/13/2025 14:00,493.89835,434.4431629214407,13.685376615439115,
2/13/2025 15:00,472.73422,399.6877098877253,18.275896585587603,
2/13/2025 16:00,466.5239,367.71269309670726,26.871849686455505,
2/13/2025 17:00,428.46143,338.29567764897064,26.652941225527275,
2/13/2025 18:00,378.59668,311.23202343705316,21.644513153406717,
2/13/2025 19:00,363.994,286.33346156208887,27.122406878799428,
2/13/2025 20:00,303.5204,263.42678463712184,15.220016886398161,
2/13/2025 21:00,284.69107,242.3526418661521,17.469761569123484,
2/13/2025 22:00,272.9121,222.96443051685986,22.40163542783711,
2/13/2025 23:00,260.3679,205.1272760755111,26.92992096694673,
2/14/2025 0:00,221.00935,188.7170939894702,17.111465085418775,
2/14/2025 1:00,215.90901,176.11262969591266,22.597119930366514,
2/14/2025 2:00,219.97159,187.0090738642396,17.626157698880085,
2/14/2025 3:00,296.6133,235.5374290351004,25.930436187013,
2/14/2025 4:00,403.3081,295.25210461629246,36.59787658173897,
2/14/2025 5:00,448.18582,352.081678406989,27.295979603665288,
2/14/2025 6:00,494.03973,408.3250388544301,20.991780291692173,
2/14/2025 7:00,494.9995,459.01230438607575,7.8401400112371205,
2/14/2025 8:00,500.83157,503.97197043518963,0.6231292875573444,
2/14/2025 9:00,494.64508,543.2689328003743,8.950236116637097,
2/14/2025 10:00,427.50064,569.2736868323443,24.904197970590022,
2/14/2025 11:00,430.56085,565.551162957757,23.868806175023046,
2/14/2025 12:00,491.85422,532.6355738571365,7.656521330807315,
2/14/2025 13:00,494.99738,490.1713946152054,0.9845496750915814,
2/14/2025 14:00,472.54135,450.9576830459891,4.786184842574057,
2/14/2025 15:00,483.80295,414.8810684023098,16.612442660050135,
2/14/2025 16:00,475.96985,381.6905829301252,24.7004432173656,
2/14/2025 17:00,460.95016,351.15533629571524,31.266740712932272,
2/14/2025 18:00,408.6416,323.06290939205803,26.489791827692176,
2/14/2025 19:00,386.9757,297.2178766406935,30.19933806862742,
2/14/2025 20:00,351.27203,273.44044650943795,28.46381659169866,
2/14/2025 21:00,304.7964,251.56521078868292,21.15999098729981,
2/14/2025 22:00,277.9774,231.43999392558834,20.107757418963445,
2/14/2025 23:00,237.81688,212.9247944115412,11.690552492824438,
2/15/2025 0:00,233.20834,195.8908108586179,19.05017008387137,
2/15/2025 1:00,222.11093,186.76645508112847,18.92442424952747,
2/15/2025 2:00,221.68546,202.7101386746383,9.360812819571803,
2/15/2025 3:00,282.0159,247.4293740926671,13.978342584572315,
2/15/2025 4:00,366.4412,303.55993214125374,20.7146114581549,
2/15/2025 5:00,423.39777,359.0778221299535,17.912535951621585,
2/15/2025 6:00,483.23438,413.90304147955743,16.750621902319804,
2/15/2025 7:00,497.0911,463.37812120119287,7.275478108918421,
2/15/2025 8:00,512.5551,508.18116494509746,0.8607067917341714,
2/15/2025 9:00,515.85913,545.4053203974895,5.417290303765527,
2/15/2025 10:00,476.09793,567.9699750536904,16.175510710192487,
2/15/2025 11:00,515.85913,559.231657625395,7.75573524399317,
2/15/2025 12:00,498.63705,524.8040420473636,4.986049174072991,
2/15/2025 13:00,496.65073,482.81971868357465,2.8646318904487718,
2/15/2025 14:00,492.86038,444.19414118888875,10.956074468009378,
2/15/2025 15:00,468.09933,408.6586098937774,14.545325458448044,
2/15/2025 16:00,475.62518,375.9659211022752,26.507525392463137,
2/15/2025 17:00,422.0874,345.8886474140934,22.029851369603485,
2/15/2025 18:00,376.46268,318.2175556209658,18.303553764445365,
2/15/2025 19:00,354.29422,292.7601511712886,21.01859442045856,
2/15/2025 20:00,286.99136,269.3393390775855,6.5538233324023585,
2/15/2025 21:00,286.43958,247.79219195137875,15.596691299908697,
2/15/2025 22:00,270.60663,227.96881659526846,18.703352703891362,
2/15/2025 23:00,256.98016,209.73131126764696,22.52827773830849,
2/16/2025 0:00,219.13445,192.95280636623517,13.568933936363855,
2/16/2025 1:00,214.14304,183.54526110253647,16.67042483272948,
2/16/2025 2:00,225.57654,197.91206275033358,13.978165328155217,
2/16/2025 3:00,290.43002,244.25152849830687,18.90612311782221,
2/16/2025 4:00,362.119,292.0547124504422,23.990119864460723,
2/16/2025 5:00,425.01453,334.701332758407,26.983218998404794,
2/16/2025 6:00,506.5236,381.9457666817344,32.61662630494965,
2/16/2025 7:00,524.61365,422.12561781119564,24.27903574797532,
2/16/2025 8:00,509.7754,460.44604192229974,10.713383157070243,
2/16/2025 9:00,399.52814,492.50671151251595,18.878641068655135,
2/16/2025 10:00,379.19012,505.3534694235149,24.965366331751472,
2/16/2025 11:00,375.1408,497.5840597976334,24.607551082316046,
2/16/2025 12:00,394.69577,464.83299458822285,15.08869317391782,
2/16/2025 13:00,411.89462,427.6863550211652,3.6923628806556885,
2/16/2025 14:00,478.55988,393.4714466194721,21.625058082320912,
2/16/2025 15:00,454.20096,361.9937308899142,25.47205089308025,
2/16/2025 16:00,466.63513,333.03423241872093,40.116266260953424,
2/16/2025 17:00,425.78653,306.3914938252234,38.968130030365465,
2/16/2025 18:00,394.25336,281.8801743192055,39.865585753163025,
2/16/2025 19:00,378.27338,259.32976037366905,45.86577950783145,
2/16/2025 20:00,323.50995,238.5833795437755,35.59617998080661,
2/16/2025 21:00,292.913,219.49670918027357,33.447556220168636,
2/16/2025 22:00,272.9121,201.9369724458516,35.1471729369321,
2/16/2025 23:00,260.02786,185.78201465018347,39.963958857075156,
2/17/2025 0:00,219.33115,170.91945347816895,28.324273087059055,
2/17/2025 1:00,218.8553,159.2775953135154,37.4049504404776,
2/17/2025 2:00,231.80629,171.43725620043415,35.21348556922631,
2/17/2025 3:00,298.48062,222.19913844839945,34.33023342131714,
2/17/2025 4:00,396.58047,277.9794235885274,42.665406573597565,
2/17/2025 5:00,433.1485,321.7156349174452,34.63706811958506,
2/17/2025 6:00,505.4466,378.56843820404976,33.51524935257379,
2/17/2025 7:00,503.59726,421.1905718437257,19.56517861191205,
2/17/2025 8:00,503.22708,466.7240095682279,7.821125757890543,
2/17/2025 9:00,509.5431,497.5125784747693,2.4181322977652684,
2/17/2025 10:00,518.4863,483.6123129407881,7.211151215763553,
2/17/2025 11:00,495.21738,449.35369286872503,10.206588833722579,
2/17/2025 12:00,501.25723,413.5387307725868,21.211677496216666,
2/17/2025 13:00,486.58148,380.4556323107801,27.894408863981113,
2/17/2025 14:00,463.1834,350.0191817259175,32.33086494306103,
2/17/2025 15:00,406.4337,322.0176471878443,26.214724209088825,
2/17/2025 16:00,373.44275,296.2562354128167,26.053970983282653,
2/17/2025 17:00,331.04852,272.5865058105915,21.447142794093388,
2/17/2025 18:00,287.3742,250.77958534574418,14.592344566952045,
2/17/2025 19:00,260.2231,230.74007566096464,12.777597592551635,
2/17/2025 20:00,237.71315,212.28086960808747,11.980486260151288,
2/17/2025 21:00,228.97128,195.29840003944037,17.241760768518226,
2/17/2025 22:00,212.49535,179.67452803628515,18.266817445833304,
2/17/2025 23:00,193.75928,165.30056579338248,17.216342493309735,
2/18/2025 0:00,188.4888,154.51769700031184,21.98525069167173,
2/18/2025 1:00,195.37515,168.01461457628693,16.28461790696229,
2/18/2025 2:00,248.6861,215.815366314184,15.230949694920728,
2/18/2025 3:00,360.00928,273.12791478504914,31.80977038801626,
2/18/2025 4:00,435.99292,334.6869788822454,30.268862379397373,
2/18/2025 5:00,492.62518,391.8880423316656,25.705591876300875,
2/18/2025 6:00,509.52557,443.66889974513225,14.843653459408173,
2/18/2025 7:00,503.22708,461.7432114535219,8.984186191870394,
2/18/2025 8:00,493.3778,486.88308601724026,1.3339386367012276,
2/18/2025 9:00,512.32153,483.87261508786094,5.879423060571086,
2/18/2025 10:00,495.21738,455.4654288328321,8.727764032062744,
2/18/2025 11:00,501.25723,419.04419452620556,19.61918079613647,
2/18/2025 12:00,480.43887,385.52065896410915,24.62078545465007,
2/18/2025 13:00,449.0211,354.6790062469804,26.59928547724895,
2/18/2025 14:00,399.30875,326.30468574722187,22.37297341394072,
2/18/2025 15:00,377.7514,300.20031088744423,25.83311545943941,
2/18/2025 16:00,324.69476,276.1842860164487,17.56453195322485,
2/18/2025 17:00,281.3916,254.08954313513277,10.74505392488629,
2/18/2025 18:00,254.47076,233.76237968432207,8.858732745533839,
2/18/2025 19:00,231.75214,215.06138930957638,7.760922113669778,
2/18/2025 20:00,230.98062,197.85647816481026,16.74150044533223,
2/18/2025 21:00,210.71101,182.02795991162543,15.757498955789817,
2/18/2025 22:00,199.4303,167.46572311869537,19.08723417401152,
2/18/2025 23:00,185.39465,159.90779860279983,15.9384688803204,
2/19/2025 0:00,200.86537,175.0230713945758,14.76508217094781,
2/19/2025 1:00,259.60043,222.00543621100974,16.93426871892753,
2/19/2025 2:00,348.40915,259.87114216212893,34.069964933834655,
2/19/2025 3:00,399.5522,316.4005812211588,26.28048390951385,
2/19/2025 4:00,495.78937,354.14042661146595,39.99795855549725,
2/19/2025 5:00,491.84622,365.3814424825487,34.611713879617625,
2/19/2025 6:00,494.87628,384.8066088999449,28.603893564353005,
2/19/2025 7:00,466.1925,424.6869541399493,9.773210676301032,
2/19/2025 8:00,463.78207,453.1704000087536,2.3416520508953855,
2/19/2025 9:00,411.30145,449.57552172005325,8.513379228677719,
2/19/2025 10:00,457.83807,418.4581466488489,9.41072061733946,
2/19/2025 11:00,460.12885,385.11482825030106,19.47835073122351,
2/19/2025 12:00,475.67316,354.3056419902771,34.255033046110725,
2/19/2025 13:00,461.8957,325.96119063105476,41.7026640575669,
2/19/2025 14:00,439.70724,299.88429538057034,46.62563250103952,
2/19/2025 15:00,381.0658,275.89355175012486,38.12058798806814,
2/19/2025 16:00,339.68567,253.84873427675493,33.814206288291,
2/19/2025 17:00,341.3451,233.5541688679745,46.15242983155482,
2/19/2025 18:00,270.25305,214.86983535853653,25.775240301581796,
2/19/2025 19:00,249.11115,197.68024852985369,26.017215615707034,
2/19/2025 20:00,225.77629,181.86582864746535,24.144427005694848,
2/19/2025 21:00,229.0564,167.31656235566808,36.90001351896374,
2/19/2025 22:00,208.73788,153.93123736721475,35.604629763044244,
2/19/2025 23:00,201.48997,145.22139857223746,38.746752859124136,
2/20/2025 0:00,225.67554,145.84087419045852,54.74093827403811,
2/20/2025 1:00,272.03894,180.32311992722188,50.861930815905346,
2/20/2025 2:00,351.5241,242.28045092504416,45.089753442580474,
2/20/2025 3:00,389.0276,303.4857156510407,28.186457493091222,
2/20/2025 4:00,474.7113,362.7850105589573,30.851961876685834,
2/20/2025 5:00,484.91638,409.9590489542409,18.284102539730306,
2/20/2025 6:00,496.66733,453.2949155659017,9.568254755474314,
2/20/2025 7:00,466.70807,474.16406957662934,1.5724516485676348,
2/20/2025 8:00,469.7005,467.4211280584992,0.4876485663473814,
2/20/2025 9:00,471.49432,439.3583830858193,7.314288717776071,
2/20/2025 10:00,485.95764,404.24971243895385,20.21224175266357,
2/20/2025 11:00,463.40106,371.9097354438376,24.600411833450746,
2/20/2025 12:00,443.34338,342.1569566083306,29.573102410003234,
2/20/2025 13:00,399.7423,314.78440007966407,26.98923754453769,
2/20/2025 14:00,365.61218,289.601648073291,26.246582175754778,
2/20/2025 15:00,349.50116,266.43351622742773,31.177625329102533,
2/20/2025 16:00,278.1042,245.1188349292335,13.456881880173846,
2/20/2025 17:00,246.54512,225.50932813489482,9.32812503959031,
2/20/2025 18:00,227.1763,207.4685818841031,9.4991337896811,
2/20/2025 19:00,231.72327,190.87109533337494,21.4030161019589,
2/20/2025 20:00,208.25009,175.601407706705,18.592495511516756,
2/20/2025 21:00,204.72229,161.55329509016855,26.721209817973584,
2/20/2025 22:00,189.32608,150.50903148295512,25.790511344634133,
2/20/2025 23:00,192.91035,144.66630896431874,33.34850110943125,
2/21/2025 0:00,244.19662,152.9761098391732,59.63056258430686,
2/21/2025 1:00,292.28943,187.16713279603943,56.164933631511246,
2/21/2025 2:00,387.25037,248.25807590035612,55.98701665857146,
2/21/2025 3:00,483.96942,289.8129917883278,66.9936942441138,
2/21/2025 4:00,508.1328,279.08627502926157,82.07015463111664,
2/21/2025 5:00,507.7979,265.45755484292073,91.29156557557219,
2/21/2025 6:00,487.79242,251.2744715818871,94.12732871855967,
2/21/2025 7:00,476.11566,231.21251385533606,105.92123396875807,
2/21/2025 8:00,446.30298,212.71551274690924,109.81214428241543,
2/21/2025 9:00,393.96588,195.69827172715642,101.3129078098991,
2/21/2025 10:00,374.86847,180.04240998898388,108.2112038275971,
2/21/2025 11:00,328.69147,165.63901718986526,98.43843127153467,
2/21/2025 12:00,264.81787,152.38789581467603,73.7788094507216,
2/21/2025 13:00,262.45035,140.22353081614193,87.16569635128491,
2/21/2025 14:00,233.81442,129.00564835085055,81.24355452369642,
2/21/2025 15:00,227.11287,118.68519648278253,91.35736889953434,
2/21/2025 16:00,210.06953,109.19038076415995,92.38831555637351,
2/21/2025 17:00,195.42058,100.45515030302715,94.53515067513747,
2/21/2025 18:00,187.42569,92.41873827878501,102.80052853771726,
2/21/2025 19:00,160.45833,92.00441277008218,74.40286114107761,
2/21/2025 20:00,161.44595,114.66842898047564,40.7937257051195,
2/21/2025 21:00,188.82097,169.13606921403758,11.638498816583795,
2/21/2025 22:00,243.42337,232.53424445291455,4.682805293488071,
2/21/2025 23:00,310.01184,296.6628092166814,4.499732082655837,
2/22/2025 0:00,440.74237,353.49997415934706,24.67960475912099,
2/22/2025 1:00,491.3349,393.4160227385993,24.889397356549843,
2/22/2025 2:00,497.60342,399.1356144795112,24.670263945541507,
2/22/2025 3:00,452.5184,383.30951670515026,18.055613643346103,
2/22/2025 4:00,427.36133,356.6047553687383,19.841735616536464,
2/22/2025 5:00,400.0954,328.0763749392393,21.95190769933299,
2/22/2025 6:00,338.32947,301.8302649441,12.092625249524685,
2/22/2025 7:00,284.35248,277.68384374857214,2.401520444527445,
2/22/2025 8:00,273.45062,255.48246958204643,7.033027747830254,
2/22/2025 9:00,240.614,235.19755622604276,2.302933021054675,
2/22/2025 10:00,234.95592,216.4217517279592,8.56391073561616,
2/22/2025 11:00,227.98166,199.19334492308246,14.452447707819193,
2/22/2025 12:00,203.03406,183.2712106625959,10.78338866379575,
2/22/2025 13:00,191.1209,168.60951380958826,13.351192982844468,
2/22/2025 14:00,165.9293,155.12075270482126,6.967831922540848,
2/22/2025 15:00,161.52686,142.71109248843553,13.184513307428569,
2/22/2025 16:00,148.20177,131.29420508936067,12.877614717957462,
2/22/2025 17:00,148.3299,126.23587193421181,17.502174894338907,
2/22/2025 18:00,163.75748,128.86998725147492,27.07184993126971,
2/22/2025 19:00,207.33763,169.52219618335698,22.307070043693503,
2/22/2025 20:00,262.70047,234.03674232868838,12.24753316800083,
2/22/2025 21:00,343.6894,299.70054854239345,14.677598610143338,
2/22/2025 22:00,418.05612,354.3384084030018,17.982163917918164,
2/22/2025 23:00,472.49573,387.38574669076183,21.970343920846773,
2/23/2025 0:00,478.11804,426.1918762035009,12.183753067102705,
2/23/2025 1:00,476.70663,456.6743792112208,4.386551166908852,
2/23/2025 2:00,476.26767,490.36390969832286,2.874648754077485,
2/23/2025 3:00,469.7005,489.16585837845724,3.9792960928839114,
2/23/2025 4:00,470.92084,452.8475490577805,3.991031503243758,
2/23/2025 5:00,476.83557,416.7930784665182,14.405827717546336,
2/23/2025 6:00,463.85544,383.49763218919657,20.953924952418273,
2/23/2025 7:00,430.19122,352.8178216140609,21.930128465876443,
2/23/2025 8:00,389.35208,324.64572921829614,19.931373265354914,
2/23/2025 9:00,356.57867,298.75940421419244,19.353121370117904,
2/23/2025 10:00,314.5848,274.85865187705707,14.45330398052073,
2/23/2025 11:00,275.96307,252.86995972689257,9.132407039775487,
2/23/2025 12:00,260.91833,232.64036294874114,12.15523035374003,
2/23/2025 13:00,215.30664,214.02913391284193,0.5968844936214641,
2/23/2025 14:00,214.61154,196.90680319981448,8.991430595857178,
2/23/2025 15:00,207.93692,181.15425894382935,14.784450212948514,
2/23/2025 16:00,183.90523,166.66191822832295,10.346280431734222,
2/23/2025 17:00,176.55429,154.49396477005718,14.279085939868871,
2/23/2025 18:00,176.10944,147.0349353932526,19.77387249101201,
2/23/2025 19:00,234.23468,154.01309294579238,52.087511324913315,
2/23/2025 20:00,282.87698,176.358753582129,60.398606758606036,
2/23/2025 21:00,377.42126,215.82272547155864,74.8755900583669,
2/23/2025 22:00,425.4948,254.53566849783405,67.165102841113,
2/23/2025 23:00,483.49258,266.86107731400733,81.17763335700117,
2/24/2025 0:00,490.25146,258.76281060088667,89.45978508476988,
2/24/2025 1:00,462.42087,246.71864289681582,87.42842555003773,
2/24/2025 2:00,469.8617,236.89212707307067,98.34415779930336,
2/24/2025 3:00,486.42017,241.78833585122482,101.17602625584263,
2/24/2025 4:00,450.13702,232.61540983112687,93.51126576376423,
2/24/2025 5:00,463.17413,214.20981340823667,116.22451648285295,
2/24/2025 6:00,464.82578,197.07302833557785,135.86473454651264,
2/24/2025 7:00,460.71762,181.30718606873165,154.1088584734618,
2/24/2025 8:00,422.19577,166.80261118323307,153.11100783661522,
2/24/2025 9:00,343.27432,153.4584022885744,123.69209987228167,
2/24/2025 10:00,297.84213,141.18173010548853,110.96365113660028,
2/24/2025 11:00,309.91132,129.88719169704942,138.6003668789837,
2/24/2025 12:00,266.7478,119.4962163612855,123.22698647452421,
2/24/2025 13:00,264.76666,109.93651905238264,140.83595231126068,
2/24/2025 14:00,207.16782,101.141597528192,104.8294877924623,
2/24/2025 15:00,184.69736,93.05026972593666,98.49201697289888,
2/24/2025 16:00,154.47989,85.60624814786178,80.45398818225645,
2/24/2025 17:00,146.14499,83.12766282563278,75.80788878934706,
2/24/2025 18:00,139.11325,98.22702555958219,41.62421180924294,
2/24/2025 19:00,143.89853,135.63683009081558,6.091043971159736,
2/24/2025 20:00,187.07803,183.13165399555032,2.1549411942793846,
2/24/2025 21:00,228.71263,207.84701402790628,10.038930458186982,
2/24/2025 22:00,260.2895,240.6975762576738,8.139638875069615,
2/24/2025 23:00,321.87448,264.5396232610599,21.673448095724893,
2/25/2025 0:00,345.73633,273.98645340017526,26.187380373886338,
2/25/2025 1:00,325.85757,292.0233382321611,11.586141174727276,
2/25/2025 2:00,311.5425,303.28964796558813,2.721115961622396,
2/25/2025 3:00,332.26453,296.0978835363413,12.214421257897067,
2/25/2025 4:00,329.47354,278.00238162063386,18.514647010963404,
2/25/2025 5:00,287.04233,255.82534898570333,12.202457269744833,
2/25/2025 6:00,261.2574,235.35932106684692,11.003628014249644,
2/25/2025 7:00,254.9192,216.53057538149915,17.728964726011124,
2/25/2025 8:00,234.89966,199.22812935097923,17.904865627334885,
2/25/2025 9:00,218.80226,183.332231944101,19.347404999276428,
2/25/2025 10:00,217.71222,168.70298672193292,29.05060157419056,
2/25/2025 11:00,186.75142,155.22274778417824,20.31188838831925,
2/25/2025 12:00,169.70712,142.80492796144404,18.838421912550295,
2/25/2025 13:00,156.10971,131.38053372452853,18.822557853724067,
2/25/2025 14:00,135.30084,120.8700910265662,11.93905881597979,
2/25/2025 15:00,118.852295,111.20048374444092,6.881095225286382,
2/25/2025 16:00,110.99304,102.30444504488564,8.492883123005825,
2/25/2025 17:00,109.96033,95.92008944129483,14.63743183406391,
2/25/2025 18:00,128.25557,98.84103627799124,29.759434226577667,
2/25/2025 19:00,166.40414,129.73307540775195,28.26655327802875,
2/25/2025 20:00,216.94879,176.91909062313186,22.62599289866606,
2/25/2025 21:00,242.11836,223.24665926128134,8.453297006961966,
2/25/2025 22:00,270.27335,272.6525618803788,0.8726182203111018,
2/25/2025 23:00,307.8923,307.37092913794834,0.16962382562032868,
2/26/2025 0:00,330.21075,351.8395156789127,6.147337158149043,
2/26/2025 1:00,337.63522,391.88366809659965,13.842997073957031,
2/26/2025 2:00,356.97345,419.93903525687176,14.993982522088048,
2/26/2025 3:00,341.50134,420.721451868322,18.829586355315897,
2/26/2025 4:00,318.10376,395.0720873668563,19.482097081123325,
2/26/2025 5:00,301.96646,363.4663203775076,16.920373566384715,
2/26/2025 6:00,265.2065,334.38901474730704,20.689226991626917,
2/26/2025 7:00,253.99818,307.6378935675225,17.435989026380366,
2/26/2025 8:00,222.53667,283.0268620821209,21.372598617318637,
2/26/2025 9:00,192.5654,260.38471311555105,26.045812418923752,
2/26/2025 10:00,181.28766,239.55393606630705,24.322821963055972,
2/26/2025 11:00,158.5582,220.40562118100237,28.06072904498539,
2/26/2025 12:00,151.67227,202.79317148652223,25.208393055485168,
2/26/2025 13:00,148.63824,186.56971776760042,20.33099132729745,
2/26/2025 14:00,135.90807,171.6441403461925,20.819862815134414,
2/26/2025 15:00,124.64846,157.91260911849713,21.064909835890447,
2/26/2025 16:00,100.5312,145.27960038901733,30.801574119804563,
2/26/2025 17:00,104.578964,138.5817852034959,24.536284418740266,
2/26/2025 18:00,98.26662,146.4437213552162,32.89803351628029,
2/26/2025 19:00,140.37144,189.90220738279902,26.082246943453374,
2/26/2025 20:00,158.02876,239.17953899217514,33.92881201993085,
2/26/2025 21:00,234.50922,303.411040992801,22.70906966956489,
2/26/2025 22:00,273.73788,362.92126883337704,24.573755238588177,
2/26/2025 23:00,330.25403,398.81945921470697,17.19209765476409,
2/27/2025 0:00,339.59048,427.19626806953033,20.50715092766939,
2/27/2025 1:00,356.38147,421.85780298396776,15.52094871643126,
2/27/2025 2:00,337.50156,402.05498519325045,16.05587075751294,
2/27/2025 3:00,322.0003,374.05058637779064,13.91530533504863,
2/27/2025 4:00,283.78986,344.14253946756736,17.537118080173826,
2/27/2025 5:00,265.84363,316.61113631016195,16.0346565734002,
2/27/2025 6:00,250.73671,291.2822454053491,13.919672911817631,
2/27/2025 7:00,243.13892,267.97966577292107,9.269639801083066,
2/27/2025 8:00,216.42212,246.54129251108733,12.216685109293742,
2/27/2025 9:00,204.63539,226.81798911020041,9.779911179827694,
,,,,
2025-01,,,,15.13
2025-02,,,,27.64
